Date,Type,Category,Amount,EndingCash
2024-10-01,Outflow,OPEX - Rent,-6220.63,5798.6600000000035
2024-10-01,Outflow,OPEX - Salaries,-37980.71,5798.6600000000035
2024-10-02,Inflow,Sales Payout T+1,2015.79,7814.450000000004
2024-10-03,Inflow,Sales Payout T+1,2263.9,10078.350000000006
2024-10-04,Inflow,Sales Payout T+1,1783.38,11861.730000000003
2024-10-05,Inflow,Sales Payout T+1,2073.67,13935.400000000001
2024-10-06,Inflow,Sales Payout T+1,2718.78,16654.18
2024-10-07,Inflow,Sales Payout T+1,2909.86,19564.04
2024-10-08,Inflow,Sales Payout T+1,2009.32,29636.54
2024-10-08,Inflow,Sales Payout T+7,8063.18,29636.54
2024-10-09,Inflow,Sales Payout T+1,2396.04,41088.19
2024-10-09,Inflow,Sales Payout T+7,9055.61,41088.19
2024-10-10,Outflow,OPEX - Tools & SaaS,-827.63,49738.64
2024-10-10,Inflow,Sales Payout T+1,2344.54,49738.64
2024-10-10,Inflow,Sales Payout T+7,7133.54,49738.64
2024-10-11,Inflow,Sales Payout T+1,1787.25,14885.589999999997
2024-10-11,Inflow,Sales Payout T+7,8294.66,14885.589999999997
2024-10-11,Outflow,Suppliers (COGS+Shipping),-44934.96,14885.589999999997
2024-10-12,Inflow,Sales Payout T+1,2277.89,28038.619999999995
2024-10-12,Inflow,Sales Payout T+7,10875.14,28038.619999999995
2024-10-13,Inflow,Sales Payout T+1,2193.57,41871.63
2024-10-13,Inflow,Sales Payout T+7,11639.44,41871.63
2024-10-14,Inflow,Sales Payout T+7,8037.29,52930.99
2024-10-14,Inflow,Sales Payout T+1,3022.07,52930.99
2024-10-15,Outflow,Advertising,-12391.02,52293.1
2024-10-15,Inflow,Sales Payout T+7,9584.17,52293.1
2024-10-15,Inflow,Sales Payout T+1,2168.96,52293.1
2024-10-16,Inflow,Sales Payout T+1,2735.73,64407.009999999995
2024-10-16,Inflow,Sales Payout T+7,9378.18,64407.009999999995
2024-10-17,Inflow,Sales Payout T+1,2107.94,73663.94
2024-10-17,Inflow,Sales Payout T+7,7148.99,73663.94
2024-10-18,Inflow,Sales Payout T+1,2324.46,33646.83999999999
2024-10-18,Inflow,Sales Payout T+7,9111.56,33646.83999999999
2024-10-18,Outflow,Suppliers (COGS+Shipping),-51453.12,33646.83999999999
2024-10-19,Inflow,Sales Payout T+1,2506.94,44928.05999999999
2024-10-19,Inflow,Sales Payout T+7,8774.28,44928.05999999999
2024-10-20,Inflow,Sales Payout T+7,12088.26,57834.67999999999
2024-10-20,Outflow,OPEX - Utilities,-1363.73,57834.67999999999
2024-10-20,Inflow,Sales Payout T+1,2182.09,57834.67999999999
2024-10-21,Inflow,Sales Payout T+1,2953.14,69463.68
2024-10-21,Inflow,Sales Payout T+7,8675.86,69463.68
2024-10-22,Inflow,Sales Payout T+1,2041.25,82447.84
2024-10-22,Inflow,Sales Payout T+7,10942.91,82447.84
2024-10-23,Inflow,Sales Payout T+1,2295.09,93174.69
2024-10-23,Inflow,Sales Payout T+7,8431.76,93174.69
2024-10-24,Inflow,Sales Payout T+1,2509.42,104981.95999999999
2024-10-24,Inflow,Sales Payout T+7,9297.85,104981.95999999999
2024-10-25,Outflow,OPEX - Logistics Overhead,-1897.51,60109.579999999994
2024-10-25,Inflow,Sales Payout T+1,2007.28,60109.579999999994
2024-10-25,Inflow,Sales Payout T+7,10027.77,60109.579999999994
2024-10-25,Outflow,Suppliers (COGS+Shipping),-55009.92,60109.579999999994
2024-10-26,Inflow,Sales Payout T+7,8728.35,70794.19
2024-10-26,Inflow,Sales Payout T+1,1956.26,70794.19
2024-10-27,Inflow,Sales Payout T+1,2703.32,85310.07999999999
2024-10-27,Inflow,Sales Payout T+7,11812.57,85310.07999999999
2024-10-28,Inflow,Sales Payout T+1,2276.65,95751.73
2024-10-28,Inflow,Sales Payout T+7,8165.0,95751.73
2024-10-29,Inflow,Sales Payout T+1,2140.56,107072.63
2024-10-29,Inflow,Sales Payout T+7,9180.34,107072.63
2024-10-30,Inflow,Sales Payout T+1,2289.27,107008.56
2024-10-30,Inflow,Sales Payout T+7,10037.68,107008.56
2024-10-30,Outflow,Advertising,-12391.02,107008.56
2024-10-31,Inflow,Sales Payout T+1,2418.35,117456.05
2024-10-31,Inflow,Sales Payout T+7,8029.14,117456.05
2024-11-01,Outflow,Suppliers (COGS+Shipping),-50770.21,31977.560000000012
2024-11-01,Outflow,OPEX - Salaries,-38080.27,31977.560000000012
2024-11-01,Inflow,Sales Payout T+1,2074.97,31977.560000000012
2024-11-01,Inflow,Sales Payout T+7,7825.05,31977.560000000012
2024-11-01,Outflow,OPEX - Rent,-6528.03,31977.560000000012
2024-11-02,Inflow,Sales Payout T+1,3374.94,46165.77000000001
2024-11-02,Inflow,Sales Payout T+7,10813.27,46165.77000000001
2024-11-03,Inflow,Sales Payout T+1,2864.06,58136.45000000001
2024-11-03,Inflow,Sales Payout T+7,9106.62,58136.45000000001
2024-11-04,Inflow,Sales Payout T+1,3326.8,70025.49000000002
2024-11-04,Inflow,Sales Payout T+7,8562.24,70025.49000000002
2024-11-05,Inflow,Sales Payout T+7,9157.07,81924.36000000002
2024-11-05,Inflow,Sales Payout T+1,2741.8,81924.36000000002
2024-11-06,Inflow,Sales Payout T+7,9673.38,94397.49000000002
2024-11-06,Inflow,Sales Payout T+1,2799.75,94397.49000000002
2024-11-07,Inflow,Sales Payout T+1,3504.52,106201.89000000001
2024-11-07,Inflow,Sales Payout T+7,8299.88,106201.89000000001
2024-11-08,Inflow,Sales Payout T+1,2922.26,63024.45000000001
2024-11-08,Inflow,Sales Payout T+7,13499.78,63024.45000000001
2024-11-08,Outflow,Suppliers (COGS+Shipping),-59599.48,63024.45000000001
2024-11-09,Inflow,Sales Payout T+1,2905.33,77386.00000000001
2024-11-09,Inflow,Sales Payout T+7,11456.22,77386.00000000001
2024-11-10,Inflow,Sales Payout T+1,2491.43,92143.75000000001
2024-11-10,Inflow,Sales Payout T+7,13307.2,92143.75000000001
2024-11-10,Outflow,OPEX - Tools & SaaS,-1040.88,92143.75000000001
2024-11-11,Inflow,Sales Payout T+1,3351.55,106462.48000000001
2024-11-11,Inflow,Sales Payout T+7,10967.18,106462.48000000001
2024-11-12,Inflow,Sales Payout T+7,11198.99,120439.15000000001
2024-11-12,Inflow,Sales Payout T+1,2777.68,120439.15000000001
2024-11-13,Inflow,Sales Payout T+1,1764.32,136221.53000000003
2024-11-13,Inflow,Sales Payout T+7,14018.06,136221.53000000003
2024-11-14,Inflow,Sales Payout T+1,2640.49,150551.06
2024-11-14,Inflow,Sales Payout T+7,11689.04,150551.06
2024-11-15,Inflow,Sales Payout T+1,2328.96,51880.770000000004
2024-11-15,Inflow,Sales Payout T+7,11621.33,51880.770000000004
2024-11-15,Outflow,Advertising,-16280.11,51880.770000000004
2024-11-15,Outflow,Suppliers (COGS+Shipping),-66503.91,51880.770000000004
2024-11-15,Outflow,Taxes,-29836.56,51880.770000000004
2024-11-16,Inflow,Sales Payout T+1,3036.97,64883.46000000001
2024-11-16,Inflow,Sales Payout T+7,9965.72,64883.46000000001
2024-11-17,Inflow,Sales Payout T+1,3048.67,81338.31
2024-11-17,Inflow,Sales Payout T+7,13406.18,81338.31
2024-11-18,Inflow,Sales Payout T+7,11110.71,95273.25
2024-11-18,Inflow,Sales Payout T+1,2824.23,95273.25
2024-11-19,Inflow,Sales Payout T+1,2349.66,104680.19
2024-11-19,Inflow,Sales Payout T+7,7057.28,104680.19
2024-11-20,Inflow,Sales Payout T+1,2660.29,116828.51000000001
2024-11-20,Inflow,Sales Payout T+7,10561.97,116828.51000000001
2024-11-20,Outflow,OPEX - Utilities,-1073.94,116828.51000000001
2024-11-21,Inflow,Sales Payout T+1,3139.7,129284.06000000001
2024-11-21,Inflow,Sales Payout T+7,9315.85,129284.06000000001
2024-11-22,Inflow,Sales Payout T+1,3321.01,85545.87000000002
2024-11-22,Inflow,Sales Payout T+7,12147.89,85545.87000000002
2024-11-22,Outflow,Suppliers (COGS+Shipping),-59207.09,85545.87000000002
2024-11-23,Inflow,Sales Payout T+1,1929.16,99669.70000000001
2024-11-23,Inflow,Sales Payout T+7,12194.67,99669.70000000001
2024-11-24,Inflow,Sales Payout T+7,11296.92,114153.60000000002
2024-11-24,Inflow,Sales Payout T+1,3186.98,114153.60000000002
2024-11-25,Inflow,Sales Payout T+1,2321.73,123908.90000000002
2024-11-25,Inflow,Sales Payout T+7,9398.65,123908.90000000002
2024-11-25,Outflow,OPEX - Logistics Overhead,-1965.08,123908.90000000002
2024-11-26,Inflow,Sales Payout T+1,1723.74,136273.80000000002
2024-11-26,Inflow,Sales Payout T+7,10641.16,136273.80000000002
2024-11-27,Inflow,Sales Payout T+1,2886.43,151719.01
2024-11-27,Inflow,Sales Payout T+7,12558.78,151719.01
2024-11-28,Inflow,Sales Payout T+1,2783.41,167786.44000000003
2024-11-28,Inflow,Sales Payout T+7,13284.02,167786.44000000003
2024-11-29,Inflow,Sales Payout T+1,3405.88,117640.79000000004
2024-11-29,Inflow,Sales Payout T+7,7716.65,117640.79000000004
2024-11-29,Outflow,Suppliers (COGS+Shipping),-61268.18,117640.79000000004
2024-11-30,Outflow,Advertising,-16280.11,117003.05000000003
2024-11-30,Inflow,Sales Payout T+1,2894.44,117003.05000000003
2024-11-30,Inflow,Sales Payout T+7,12747.93,117003.05000000003
2024-12-01,Inflow,Sales Payout T+1,2789.59,82941.52000000003
2024-12-01,Inflow,Sales Payout T+7,9286.93,82941.52000000003
2024-12-01,Outflow,OPEX - Rent,-6558.74,82941.52000000003
2024-12-01,Outflow,OPEX - Salaries,-39579.31,82941.52000000003
2024-12-02,Inflow,Sales Payout T+1,3576.76,93413.23000000004
2024-12-02,Inflow,Sales Payout T+7,6894.95,93413.23000000004
2024-12-03,Inflow,Sales Payout T+1,3097.18,108056.14000000003
2024-12-03,Inflow,Sales Payout T+7,11545.73,108056.14000000003
2024-12-04,Inflow,Sales Payout T+7,11133.64,122478.04000000002
2024-12-04,Inflow,Sales Payout T+1,3288.26,122478.04000000002
2024-12-05,Inflow,Sales Payout T+7,13623.53,138859.03000000003
2024-12-05,Inflow,Sales Payout T+1,2757.46,138859.03000000003
2024-12-06,Inflow,Sales Payout T+1,2635.6,89564.81000000003
2024-12-06,Inflow,Sales Payout T+7,11577.76,89564.81000000003
2024-12-06,Outflow,Suppliers (COGS+Shipping),-63507.58,89564.81000000003
2024-12-07,Inflow,Sales Payout T+1,2945.38,103668.57000000002
2024-12-07,Inflow,Sales Payout T+7,11158.38,103668.57000000002
2024-12-08,Inflow,Sales Payout T+1,3399.05,121374.67000000001
2024-12-08,Inflow,Sales Payout T+7,14307.05,121374.67000000001
2024-12-09,Inflow,Sales Payout T+1,2786.47,136549.88
2024-12-09,Inflow,Sales Payout T+7,12388.74,136549.88
2024-12-10,Outflow,OPEX - Tools & SaaS,-776.55,151086.2
2024-12-10,Inflow,Sales Payout T+1,2159.84,151086.2
2024-12-10,Inflow,Sales Payout T+7,13153.03,151086.2
2024-12-11,Inflow,Sales Payout T+7,11029.84,165211.24000000002
2024-12-11,Inflow,Sales Payout T+1,3095.2,165211.24000000002
2024-12-12,Inflow,Sales Payout T+1,2284.73,178038.39
2024-12-12,Inflow,Sales Payout T+7,10542.42,178038.39
2024-12-13,Inflow,Sales Payout T+1,3207.4,125996.79000000002
2024-12-13,Inflow,Sales Payout T+7,11781.51,125996.79000000002
2024-12-13,Outflow,Suppliers (COGS+Shipping),-67030.51,125996.79000000002
2024-12-14,Inflow,Sales Payout T+1,3169.32,142762.29000000004
2024-12-14,Inflow,Sales Payout T+7,13596.18,142762.29000000004
2024-12-15,Inflow,Sales Payout T+1,2079.05,97749.15000000002
2024-12-15,Inflow,Sales Payout T+7,11145.9,97749.15000000002
2024-12-15,Outflow,Advertising,-23861.89,97749.15000000002
2024-12-15,Outflow,Taxes,-34376.2,97749.15000000002
2024-12-16,Inflow,Sales Payout T+7,8639.36,109780.23000000003
2024-12-16,Inflow,Sales Payout T+1,3391.72,109780.23000000003
2024-12-17,Inflow,Sales Payout T+1,3012.73,125173.77000000002
2024-12-17,Inflow,Sales Payout T+7,12380.81,125173.77000000002
2024-12-18,Inflow,Sales Payout T+1,2272.86,136585.56000000003
2024-12-18,Inflow,Sales Payout T+7,9138.93,136585.56000000003
2024-12-19,Inflow,Sales Payout T+1,3436.11,152851.28000000003
2024-12-19,Inflow,Sales Payout T+7,12829.61,152851.28000000003
2024-12-20,Inflow,Sales Payout T+1,2735.68,104687.72000000003
2024-12-20,Inflow,Sales Payout T+7,12677.29,104687.72000000003
2024-12-20,Outflow,OPEX - Utilities,-1368.75,104687.72000000003
2024-12-20,Outflow,Suppliers (COGS+Shipping),-62207.78,104687.72000000003
2024-12-21,Inflow,Sales Payout T+7,8316.18,116064.18000000004
2024-12-21,Inflow,Sales Payout T+1,3060.28,116064.18000000004
2024-12-22,Inflow,Sales Payout T+1,3276.57,132907.64000000004
2024-12-22,Inflow,Sales Payout T+7,13566.89,132907.64000000004
2024-12-23,Inflow,Sales Payout T+1,2077.83,147036.40000000002
2024-12-23,Inflow,Sales Payout T+7,12050.93,147036.40000000002
2024-12-24,Inflow,Sales Payout T+1,3277.74,159405.57000000004
2024-12-24,Inflow,Sales Payout T+7,9091.43,159405.57000000004
2024-12-25,Inflow,Sales Payout T+1,2836.42,174368.86000000004
2024-12-25,Inflow,Sales Payout T+7,13744.46,174368.86000000004
2024-12-25,Outflow,OPEX - Logistics Overhead,-1617.59,174368.86000000004
2024-12-26,Inflow,Sales Payout T+1,3472.8,188784.36000000004
2024-12-26,Inflow,Sales Payout T+7,10942.7,188784.36000000004
2024-12-27,Outflow,Suppliers (COGS+Shipping),-63888.11,140005.07000000004
2024-12-27,Inflow,Sales Payout T+1,2867.68,140005.07000000004
2024-12-27,Inflow,Sales Payout T+7,12241.14,140005.07000000004
2024-12-28,Inflow,Sales Payout T+1,3223.63,156334.98000000004
2024-12-28,Inflow,Sales Payout T+7,13106.28,156334.98000000004
2024-12-29,Inflow,Sales Payout T+1,3066.49,167712.80000000005
2024-12-29,Inflow,Sales Payout T+7,8311.33,167712.80000000005
2024-12-30,Inflow,Sales Payout T+7,13110.98,160581.92000000004
2024-12-30,Inflow,Sales Payout T+1,3620.03,160581.92000000004
2024-12-30,Outflow,Advertising,-23861.89,160581.92000000004
2024-12-31,Inflow,Sales Payout T+7,11345.67,174550.95000000004
2024-12-31,Inflow,Sales Payout T+1,2623.36,174550.95000000004
2025-01-01,Outflow,OPEX - Rent,-6433.21,147593.56000000006
2025-01-01,Outflow,OPEX - Salaries,-37301.32,147593.56000000006
2025-01-01,Inflow,Sales Payout T+1,2885.96,147593.56000000006
2025-01-01,Inflow,Sales Payout T+7,13891.18,147593.56000000006
2025-01-02,Inflow,Sales Payout T+7,11470.74,160943.56000000006
2025-01-02,Inflow,Sales Payout T+1,1879.26,160943.56000000006
2025-01-03,Inflow,Sales Payout T+1,2481.81,103365.74000000005
2025-01-03,Inflow,Sales Payout T+7,12894.51,103365.74000000005
2025-01-03,Outflow,Suppliers (COGS+Shipping),-72954.14,103365.74000000005
2025-01-04,Inflow,Sales Payout T+1,2041.94,117673.64000000004
2025-01-04,Inflow,Sales Payout T+7,12265.96,117673.64000000004
2025-01-05,Inflow,Sales Payout T+1,2281.86,134435.63000000003
2025-01-05,Inflow,Sales Payout T+7,14480.13,134435.63000000003
2025-01-06,Inflow,Sales Payout T+1,2511.42,147440.47000000003
2025-01-06,Inflow,Sales Payout T+7,10493.42,147440.47000000003
2025-01-07,Inflow,Sales Payout T+1,2212.36,161196.65000000002
2025-01-07,Inflow,Sales Payout T+7,11543.82,161196.65000000002
2025-01-08,Inflow,Sales Payout T+7,7517.05,170568.2
2025-01-08,Inflow,Sales Payout T+1,1854.5,170568.2
2025-01-09,Inflow,Sales Payout T+1,2370.46,182865.89
2025-01-09,Inflow,Sales Payout T+7,9927.23,182865.89
2025-01-10,Inflow,Sales Payout T+1,2643.65,138627.53000000003
2025-01-10,Inflow,Sales Payout T+7,8167.77,138627.53000000003
2025-01-10,Outflow,OPEX - Tools & SaaS,-998.62,138627.53000000003
2025-01-10,Outflow,Suppliers (COGS+Shipping),-54051.16,138627.53000000003
2025-01-11,Inflow,Sales Payout T+1,1946.54,149701.5
2025-01-11,Inflow,Sales Payout T+7,9127.43,149701.5
2025-01-12,Inflow,Sales Payout T+1,2576.21,162323.37
2025-01-12,Inflow,Sales Payout T+7,10045.66,162323.37
2025-01-13,Inflow,Sales Payout T+1,2855.44,174028.26
2025-01-13,Inflow,Sales Payout T+7,8849.45,174028.26
2025-01-14,Inflow,Sales Payout T+7,7418.0,183658.43000000002
2025-01-14,Inflow,Sales Payout T+1,2212.17,183658.43000000002
2025-01-15,Inflow,Sales Payout T+1,1565.49,148238.03000000003
2025-01-15,Inflow,Sales Payout T+7,9481.85,148238.03000000003
2025-01-15,Outflow,Advertising,-10967.47,148238.03000000003
2025-01-15,Outflow,Taxes,-35500.27,148238.03000000003
2025-01-16,Inflow,Sales Payout T+1,1426.96,160239.57000000004
2025-01-16,Inflow,Sales Payout T+7,10574.58,160239.57000000004
2025-01-17,Inflow,Sales Payout T+1,1903.56,116925.28000000003
2025-01-17,Inflow,Sales Payout T+7,7786.16,116925.28000000003
2025-01-17,Outflow,Suppliers (COGS+Shipping),-53004.01,116925.28000000003
2025-01-18,Inflow,Sales Payout T+7,10304.83,129088.38000000003
2025-01-18,Inflow,Sales Payout T+1,1858.27,129088.38000000003
2025-01-19,Inflow,Sales Payout T+7,11421.77,142390.16000000003
2025-01-19,Inflow,Sales Payout T+1,1880.01,142390.16000000003
2025-01-20,Inflow,Sales Payout T+1,2545.58,152675.86000000004
2025-01-20,Inflow,Sales Payout T+7,8848.66,152675.86000000004
2025-01-20,Outflow,OPEX - Utilities,-1108.54,152675.86000000004
2025-01-21,Inflow,Sales Payout T+1,1786.77,160724.59000000003
2025-01-21,Inflow,Sales Payout T+7,6261.96,160724.59000000003
2025-01-22,Inflow,Sales Payout T+1,1959.66,168392.11000000004
2025-01-22,Inflow,Sales Payout T+7,5707.86,168392.11000000004
2025-01-23,Inflow,Sales Payout T+7,7614.25,177490.33000000002
2025-01-23,Inflow,Sales Payout T+1,1483.97,177490.33000000002
2025-01-24,Inflow,Sales Payout T+7,7433.07,144312.49000000002
2025-01-24,Outflow,Suppliers (COGS+Shipping),-42826.79,144312.49000000002
2025-01-24,Inflow,Sales Payout T+1,2215.88,144312.49000000002
2025-01-25,Outflow,OPEX - Logistics Overhead,-1714.05,152027.74000000002
2025-01-25,Inflow,Sales Payout T+1,1909.26,152027.74000000002
2025-01-25,Inflow,Sales Payout T+7,7520.04,152027.74000000002
2025-01-26,Inflow,Sales Payout T+1,1826.9,164036.96000000002
2025-01-26,Inflow,Sales Payout T+7,10182.32,164036.96000000002
2025-01-27,Inflow,Sales Payout T+1,1995.43,173179.48000000004
2025-01-27,Inflow,Sales Payout T+7,7147.09,173179.48000000004
2025-01-28,Inflow,Sales Payout T+1,2334.4,183352.52000000002
2025-01-28,Inflow,Sales Payout T+7,7838.64,183352.52000000002
2025-01-29,Inflow,Sales Payout T+1,2484.82,191773.2
2025-01-29,Inflow,Sales Payout T+7,5935.86,191773.2
2025-01-30,Inflow,Sales Payout T+1,2712.06,192381.33000000002
2025-01-30,Inflow,Sales Payout T+7,8863.54,192381.33000000002
2025-01-30,Outflow,Advertising,-10967.47,192381.33000000002
2025-01-31,Outflow,Suppliers (COGS+Shipping),-42136.12,160213.93000000002
2025-01-31,Inflow,Sales Payout T+1,2331.68,160213.93000000002
2025-01-31,Inflow,Sales Payout T+7,7637.04,160213.93000000002
2025-02-01,Inflow,Sales Payout T+1,2316.2,125382.42000000001
2025-02-01,Inflow,Sales Payout T+7,7307.62,125382.42000000001
2025-02-01,Outflow,OPEX - Rent,-6284.55,125382.42000000001
2025-02-01,Outflow,OPEX - Salaries,-38170.78,125382.42000000001
2025-02-02,Inflow,Sales Payout T+1,2793.16,136157.28000000003
2025-02-02,Inflow,Sales Payout T+7,7981.7,136157.28000000003
2025-02-03,Inflow,Sales Payout T+1,2634.74,148129.62
2025-02-03,Inflow,Sales Payout T+7,9337.6,148129.62
2025-02-04,Inflow,Sales Payout T+1,2098.62,160167.52000000002
2025-02-04,Inflow,Sales Payout T+7,9939.28,160167.52000000002
2025-02-05,Inflow,Sales Payout T+7,10848.26,174088.24000000002
2025-02-05,Inflow,Sales Payout T+1,3072.46,174088.24000000002
2025-02-06,Inflow,Sales Payout T+1,2609.53,186024.47000000003
2025-02-06,Inflow,Sales Payout T+7,9326.7,186024.47000000003
2025-02-07,Inflow,Sales Payout T+1,2815.1,140909.08000000002
2025-02-07,Inflow,Sales Payout T+7,9264.82,140909.08000000002
2025-02-07,Outflow,Suppliers (COGS+Shipping),-57195.31,140909.08000000002
2025-02-08,Inflow,Sales Payout T+1,2743.63,154825.35000000003
2025-02-08,Inflow,Sales Payout T+7,11172.64,154825.35000000003
2025-02-09,Inflow,Sales Payout T+1,3078.68,168442.97000000003
2025-02-09,Inflow,Sales Payout T+7,10538.94,168442.97000000003
2025-02-10,Outflow,OPEX - Tools & SaaS,-772.37,178986.26
2025-02-10,Inflow,Sales Payout T+7,8394.47,178986.26
2025-02-10,Inflow,Sales Payout T+1,2921.19,178986.26
2025-02-11,Inflow,Sales Payout T+1,2482.37,193758.48000000004
2025-02-11,Inflow,Sales Payout T+7,12289.85,193758.48000000004
2025-02-12,Inflow,Sales Payout T+1,2176.11,206372.72000000003
2025-02-12,Inflow,Sales Payout T+7,10438.13,206372.72000000003
2025-02-13,Inflow,Sales Payout T+1,2891.71,220524.81000000003
2025-02-13,Inflow,Sales Payout T+7,11260.38,220524.81000000003
2025-02-14,Inflow,Sales Payout T+1,1731.24,170212.25000000003
2025-02-14,Inflow,Sales Payout T+7,10974.5,170212.25000000003
2025-02-14,Outflow,Suppliers (COGS+Shipping),-63018.3,170212.25000000003
2025-02-15,Inflow,Sales Payout T+7,12314.73,144280.78000000003
2025-02-15,Outflow,Advertising,-12822.26,144280.78000000003
2025-02-15,Inflow,Sales Payout T+1,2052.1,144280.78000000003
2025-02-15,Outflow,Taxes,-27476.04,144280.78000000003
2025-02-16,Inflow,Sales Payout T+7,11684.76,158242.46000000002
2025-02-16,Inflow,Sales Payout T+1,2276.92,158242.46000000002
2025-02-17,Inflow,Sales Payout T+1,1946.81,170118.74000000002
2025-02-17,Inflow,Sales Payout T+7,9929.47,170118.74000000002
2025-02-18,Inflow,Sales Payout T+1,3241.94,182065.14
2025-02-18,Inflow,Sales Payout T+7,8704.46,182065.14
2025-02-19,Inflow,Sales Payout T+1,2268.8,195900.76
2025-02-19,Inflow,Sales Payout T+7,11566.82,195900.76
2025-02-20,Inflow,Sales Payout T+1,1646.7,203151.52000000002
2025-02-20,Inflow,Sales Payout T+7,6924.94,203151.52000000002
2025-02-20,Outflow,OPEX - Utilities,-1320.88,203151.52000000002
2025-02-21,Outflow,Suppliers (COGS+Shipping),-49770.52,163762.01
2025-02-21,Inflow,Sales Payout T+7,8208.39,163762.01
2025-02-21,Inflow,Sales Payout T+1,2172.62,163762.01
2025-02-22,Inflow,Sales Payout T+1,1706.49,174576.17000000004
2025-02-22,Inflow,Sales Payout T+7,9107.67,174576.17000000004
2025-02-23,Inflow,Sales Payout T+1,2610.95,184974.34000000003
2025-02-23,Inflow,Sales Payout T+7,7787.22,184974.34000000003
2025-02-24,Inflow,Sales Payout T+1,2224.35,200166.47000000003
2025-02-24,Inflow,Sales Payout T+7,12967.78,200166.47000000003
2025-02-25,Inflow,Sales Payout T+1,2684.82,209834.35000000003
2025-02-25,Inflow,Sales Payout T+7,9075.19,209834.35000000003
2025-02-25,Outflow,OPEX - Logistics Overhead,-2092.13,209834.35000000003
2025-02-26,Inflow,Sales Payout T+1,2499.59,218920.75000000003
2025-02-26,Inflow,Sales Payout T+7,6586.81,218920.75000000003
2025-02-27,Inflow,Sales Payout T+7,8690.49,229644.48000000004
2025-02-27,Inflow,Sales Payout T+1,2033.24,229644.48000000004
2025-02-28,Inflow,Sales Payout T+1,2351.52,175435.72000000003
2025-02-28,Inflow,Sales Payout T+7,6825.98,175435.72000000003
2025-02-28,Outflow,Advertising,-12822.269999999999,175435.72000000003
2025-02-28,Outflow,Suppliers (COGS+Shipping),-50563.99,175435.72000000003
2025-03-01,Inflow,Sales Payout T+1,1685.9,144567.24000000005
2025-03-01,Inflow,Sales Payout T+7,10443.79,144567.24000000005
2025-03-01,Outflow,OPEX - Rent,-6203.31,144567.24000000005
2025-03-01,Outflow,OPEX - Salaries,-36794.86,144567.24000000005
2025-03-02,Inflow,Sales Payout T+1,2542.64,156007.26000000007
2025-03-02,Inflow,Sales Payout T+7,8897.38,156007.26000000007
2025-03-03,Inflow,Sales Payout T+1,1703.41,168449.94000000006
2025-03-03,Inflow,Sales Payout T+7,10739.27,168449.94000000006
2025-03-04,Inflow,Sales Payout T+7,9998.34,180722.47000000006
2025-03-04,Inflow,Sales Payout T+1,2274.19,180722.47000000006
2025-03-05,Inflow,Sales Payout T+1,2398.24,191253.65000000005
2025-03-05,Inflow,Sales Payout T+7,8132.94,191253.65000000005
2025-03-06,Inflow,Sales Payout T+1,3034.67,203694.41000000006
2025-03-06,Inflow,Sales Payout T+7,9406.09,203694.41000000006
2025-03-07,Inflow,Sales Payout T+1,1660.19,161712.82000000007
2025-03-07,Inflow,Sales Payout T+7,6743.59,161712.82000000007
2025-03-07,Outflow,Suppliers (COGS+Shipping),-50385.37,161712.82000000007
2025-03-08,Inflow,Sales Payout T+1,2471.42,174354.82000000007
2025-03-08,Inflow,Sales Payout T+7,10170.58,174354.82000000007
2025-03-09,Inflow,Sales Payout T+7,6813.65,184158.52000000008
2025-03-09,Inflow,Sales Payout T+1,2990.05,184158.52000000008
2025-03-10,Outflow,OPEX - Tools & SaaS,-962.06,194366.99000000008
2025-03-10,Inflow,Sales Payout T+7,9096.76,194366.99000000008
2025-03-10,Inflow,Sales Payout T+1,2073.77,194366.99000000008
2025-03-11,Inflow,Sales Payout T+1,2871.14,206831.07000000007
2025-03-11,Inflow,Sales Payout T+7,9592.94,206831.07000000007
2025-03-12,Inflow,Sales Payout T+1,2634.44,221604.18000000005
2025-03-12,Inflow,Sales Payout T+7,12138.67,221604.18000000005
2025-03-13,Inflow,Sales Payout T+1,2052.2,230297.12000000005
2025-03-13,Inflow,Sales Payout T+7,6640.74,230297.12000000005
2025-03-14,Inflow,Sales Payout T+1,2194.03,188004.60000000006
2025-03-14,Inflow,Sales Payout T+7,9885.69,188004.60000000006
2025-03-14,Outflow,Suppliers (COGS+Shipping),-54372.24,188004.60000000006
2025-03-15,Outflow,Taxes,-27326.28,156443.56000000006
2025-03-15,Outflow,Advertising,-18547.26,156443.56000000006
2025-03-15,Inflow,Sales Payout T+1,2352.32,156443.56000000006
2025-03-15,Inflow,Sales Payout T+7,11960.18,156443.56000000006
2025-03-16,Inflow,Sales Payout T+1,2225.95,166964.61000000007
2025-03-16,Inflow,Sales Payout T+7,8295.1,166964.61000000007
2025-03-17,Inflow,Sales Payout T+1,2423.35,180872.52000000008
2025-03-17,Inflow,Sales Payout T+7,11484.56,180872.52000000008
2025-03-18,Inflow,Sales Payout T+1,2245.2,193655.46000000008
2025-03-18,Inflow,Sales Payout T+7,10537.74,193655.46000000008
2025-03-19,Inflow,Sales Payout T+1,2906.97,204771.23000000007
2025-03-19,Inflow,Sales Payout T+7,8208.8,204771.23000000007
2025-03-20,Outflow,OPEX - Utilities,-1326.18,213998.86000000007
2025-03-20,Inflow,Sales Payout T+1,1777.7,213998.86000000007
2025-03-20,Inflow,Sales Payout T+7,8776.11,213998.86000000007
2025-03-21,Outflow,Suppliers (COGS+Shipping),-53651.16,172399.18000000005
2025-03-21,Inflow,Sales Payout T+1,2642.18,172399.18000000005
2025-03-21,Inflow,Sales Payout T+7,9409.3,172399.18000000005
2025-03-22,Inflow,Sales Payout T+1,2609.51,183912.49000000008
2025-03-22,Inflow,Sales Payout T+7,8903.8,183912.49000000008
2025-03-23,Inflow,Sales Payout T+1,2815.38,196421.27000000008
2025-03-23,Inflow,Sales Payout T+7,9693.4,196421.27000000008
2025-03-24,Inflow,Sales Payout T+1,2769.08,208171.15000000008
2025-03-24,Inflow,Sales Payout T+7,8980.8,208171.15000000008
2025-03-25,Inflow,Sales Payout T+1,2796.36,220657.9800000001
2025-03-25,Inflow,Sales Payout T+7,11627.87,220657.9800000001
2025-03-25,Outflow,OPEX - Logistics Overhead,-1937.4,220657.9800000001
2025-03-26,Inflow,Sales Payout T+1,2262.99,230031.7800000001
2025-03-26,Inflow,Sales Payout T+7,7110.81,230031.7800000001
2025-03-27,Inflow,Sales Payout T+7,10568.73,243357.30000000008
2025-03-27,Inflow,Sales Payout T+1,2756.79,243357.30000000008
2025-03-28,Inflow,Sales Payout T+1,2889.69,199600.93000000008
2025-03-28,Inflow,Sales Payout T+7,10438.04,199600.93000000008
2025-03-28,Outflow,Suppliers (COGS+Shipping),-57084.1,199600.93000000008
2025-03-29,Inflow,Sales Payout T+1,2585.53,213447.99000000008
2025-03-29,Inflow,Sales Payout T+7,11261.53,213447.99000000008
2025-03-30,Inflow,Sales Payout T+1,2315.69,208292.76000000007
2025-03-30,Inflow,Sales Payout T+7,11076.33,208292.76000000007
2025-03-30,Outflow,Advertising,-18547.250000000004,208292.76000000007
2025-03-31,Inflow,Sales Payout T+7,11185.46,222080.76000000007
2025-03-31,Inflow,Sales Payout T+1,2602.54,222080.76000000007
2025-04-01,Inflow,Sales Payout T+7,9051.95,190977.53000000006
2025-04-01,Outflow,OPEX - Rent,-6415.08,190977.53000000006
2025-04-01,Inflow,Sales Payout T+1,2556.08,190977.53000000006
2025-04-01,Outflow,OPEX - Salaries,-36296.18,190977.53000000006
2025-04-02,Inflow,Sales Payout T+7,11027.16,204164.80000000005
2025-04-02,Inflow,Sales Payout T+1,2160.11,204164.80000000005
2025-04-03,Inflow,Sales Payout T+1,2987.86,218711.43000000005
2025-04-03,Inflow,Sales Payout T+7,11558.77,218711.43000000005
2025-04-04,Inflow,Sales Payout T+1,2123.81,172044.98000000004
2025-04-04,Inflow,Sales Payout T+7,10342.11,172044.98000000004
2025-04-04,Outflow,Suppliers (COGS+Shipping),-59132.37,172044.98000000004
2025-04-05,Inflow,Sales Payout T+1,2287.56,183595.28000000003
2025-04-05,Inflow,Sales Payout T+7,9262.74,183595.28000000003
2025-04-06,Inflow,Sales Payout T+1,2082.97,196088.41000000003
2025-04-06,Inflow,Sales Payout T+7,10410.16,196088.41000000003
2025-04-07,Inflow,Sales Payout T+1,2932.91,209245.65000000002
2025-04-07,Inflow,Sales Payout T+7,10224.33,209245.65000000002
2025-04-08,Inflow,Sales Payout T+7,8640.44,219943.05000000002
2025-04-08,Inflow,Sales Payout T+1,2056.96,219943.05000000002
2025-04-09,Inflow,Sales Payout T+1,2295.93,234190.41000000003
2025-04-09,Inflow,Sales Payout T+7,11951.43,234190.41000000003
2025-04-10,Inflow,Sales Payout T+1,2416.29,244092.99000000002
2025-04-10,Inflow,Sales Payout T+7,8495.22,244092.99000000002
2025-04-10,Outflow,OPEX - Tools & SaaS,-1008.93,244092.99000000002
2025-04-11,Inflow,Sales Payout T+1,2018.69,199585.69
2025-04-11,Inflow,Sales Payout T+7,9150.24,199585.69
2025-04-11,Outflow,Suppliers (COGS+Shipping),-55676.23,199585.69
2025-04-12,Inflow,Sales Payout T+1,2440.93,210358.49
2025-04-12,Inflow,Sales Payout T+7,8331.87,210358.49
2025-04-13,Inflow,Sales Payout T+7,11731.62,224948.0
2025-04-13,Inflow,Sales Payout T+1,2857.89,224948.0
2025-04-14,Inflow,Sales Payout T+7,8227.85,236241.19
2025-04-14,Inflow,Sales Payout T+1,3065.34,236241.19
2025-04-15,Inflow,Sales Payout T+1,3006.98,204979.85
2025-04-15,Inflow,Sales Payout T+7,9183.72,204979.85
2025-04-15,Outflow,Advertising,-17483.62,204979.85
2025-04-15,Outflow,Taxes,-25968.42,204979.85
2025-04-16,Inflow,Sales Payout T+1,2123.32,216768.35
2025-04-16,Inflow,Sales Payout T+7,9665.18,216768.35
2025-04-17,Inflow,Sales Payout T+1,2578.75,227421.85
2025-04-17,Inflow,Sales Payout T+7,8074.75,227421.85
2025-04-18,Inflow,Sales Payout T+1,2213.42,184336.91
2025-04-18,Inflow,Sales Payout T+7,9763.73,184336.91
2025-04-18,Outflow,Suppliers (COGS+Shipping),-55062.09,184336.91
2025-04-19,Inflow,Sales Payout T+7,11431.56,197839.17
2025-04-19,Inflow,Sales Payout T+1,2070.7,197839.17
2025-04-20,Inflow,Sales Payout T+1,2908.0,211962.19
2025-04-20,Inflow,Sales Payout T+7,12261.37,211962.19
2025-04-20,Outflow,OPEX - Utilities,-1046.35,211962.19
2025-04-21,Inflow,Sales Payout T+1,2037.64,226027.77
2025-04-21,Inflow,Sales Payout T+7,12027.94,226027.77
2025-04-22,Inflow,Sales Payout T+1,2708.83,237229.87
2025-04-22,Inflow,Sales Payout T+7,8493.27,237229.87
2025-04-23,Inflow,Sales Payout T+1,2644.18,250189.04
2025-04-23,Inflow,Sales Payout T+7,10314.99,250189.04
2025-04-24,Inflow,Sales Payout T+1,2261.28,261303.98
2025-04-24,Inflow,Sales Payout T+7,8853.66,261303.98
2025-04-25,Outflow,Suppliers (COGS+Shipping),-54977.31,214968.48
2025-04-25,Outflow,OPEX - Logistics Overhead,-1873.98,214968.48
2025-04-25,Inflow,Sales Payout T+7,8282.8,214968.48
2025-04-25,Inflow,Sales Payout T+1,2232.99,214968.48
2025-04-26,Inflow,Sales Payout T+1,1824.7,228425.16
2025-04-26,Inflow,Sales Payout T+7,11631.98,228425.16
2025-04-27,Inflow,Sales Payout T+1,2435.57,239011.29
2025-04-27,Inflow,Sales Payout T+7,8150.56,239011.29
2025-04-28,Inflow,Sales Payout T+1,2501.27,252347.86000000002
2025-04-28,Inflow,Sales Payout T+7,10835.3,252347.86000000002
2025-04-29,Inflow,Sales Payout T+1,2548.14,265472.73
2025-04-29,Inflow,Sales Payout T+7,10576.73,265472.73
2025-04-30,Inflow,Sales Payout T+1,2108.69,259142.93
2025-04-30,Inflow,Sales Payout T+7,9045.12,259142.93
2025-04-30,Outflow,Advertising,-17483.610000000004,259142.93
2025-05-01,Outflow,OPEX - Salaries,-36254.23,227615.12
2025-05-01,Outflow,OPEX - Rent,-6386.59,227615.12
2025-05-01,Inflow,Sales Payout T+1,2181.06,227615.12
2025-05-01,Inflow,Sales Payout T+7,8931.95,227615.12
2025-05-02,Inflow,Sales Payout T+1,2338.09,183197.88
2025-05-02,Inflow,Sales Payout T+7,7298.78,183197.88
2025-05-02,Outflow,Suppliers (COGS+Shipping),-54054.11,183197.88
2025-05-03,Inflow,Sales Payout T+1,2187.79,195127.93
2025-05-03,Inflow,Sales Payout T+7,9742.26,195127.93
2025-05-04,Inflow,Sales Payout T+1,2001.93,207134.94999999998
2025-05-04,Inflow,Sales Payout T+7,10005.09,207134.94999999998
2025-05-05,Inflow,Sales Payout T+1,2233.95,219561.46
2025-05-05,Inflow,Sales Payout T+7,10192.56,219561.46
2025-05-06,Inflow,Sales Payout T+7,8434.78,230519.15
2025-05-06,Inflow,Sales Payout T+1,2522.91,230519.15
2025-05-07,Inflow,Sales Payout T+1,2153.93,241397.31
2025-05-07,Inflow,Sales Payout T+7,8724.23,241397.31
2025-05-08,Inflow,Sales Payout T+1,2259.2,253008.85
2025-05-08,Inflow,Sales Payout T+7,9352.34,253008.85
2025-05-09,Inflow,Sales Payout T+1,2001.66,213694.64
2025-05-09,Inflow,Sales Payout T+7,8751.17,213694.64
2025-05-09,Outflow,Suppliers (COGS+Shipping),-50067.04,213694.64
2025-05-10,Inflow,Sales Payout T+1,2034.69,222768.16
2025-05-10,Inflow,Sales Payout T+7,8007.71,222768.16
2025-05-10,Outflow,OPEX - Tools & SaaS,-968.88,222768.16
2025-05-11,Inflow,Sales Payout T+1,2553.6,234257.56
2025-05-11,Inflow,Sales Payout T+7,8935.8,234257.56
2025-05-12,Inflow,Sales Payout T+7,10091.63,246413.1
2025-05-12,Inflow,Sales Payout T+1,2063.91,246413.1
2025-05-13,Inflow,Sales Payout T+1,2215.64,257244.44
2025-05-13,Inflow,Sales Payout T+7,8615.7,257244.44
2025-05-14,Inflow,Sales Payout T+1,2571.5,268852.74
2025-05-14,Inflow,Sales Payout T+7,9036.8,268852.74
2025-05-15,Inflow,Sales Payout T+1,2338.15,236051.88999999998
2025-05-15,Inflow,Sales Payout T+7,8006.63,236051.88999999998
2025-05-15,Outflow,Advertising,-13465.16,236051.88999999998
2025-05-15,Outflow,Taxes,-29680.47,236051.88999999998
2025-05-16,Inflow,Sales Payout T+7,8138.77,196085.36
2025-05-16,Outflow,Suppliers (COGS+Shipping),-50228.63,196085.36
2025-05-16,Inflow,Sales Payout T+1,2123.33,196085.36
2025-05-17,Inflow,Sales Payout T+7,10214.39,208656.61
2025-05-17,Inflow,Sales Payout T+1,2356.86,208656.61
2025-05-18,Inflow,Sales Payout T+1,2246.34,219158.58
2025-05-18,Inflow,Sales Payout T+7,8255.63,219158.58
2025-05-19,Inflow,Sales Payout T+1,2047.31,230068.46
2025-05-19,Inflow,Sales Payout T+7,8862.57,230068.46
2025-05-20,Inflow,Sales Payout T+1,2577.14,241801.53
2025-05-20,Inflow,Sales Payout T+7,10286.0,241801.53
2025-05-20,Outflow,OPEX - Utilities,-1130.07,241801.53
2025-05-21,Inflow,Sales Payout T+1,2272.29,253426.43
2025-05-21,Inflow,Sales Payout T+7,9352.61,253426.43
2025-05-22,Inflow,Sales Payout T+1,2505.63,264425.39
2025-05-22,Inflow,Sales Payout T+7,8493.33,264425.39
2025-05-23,Outflow,Suppliers (COGS+Shipping),-50974.48,224722.33
2025-05-23,Inflow,Sales Payout T+7,9427.43,224722.33
2025-05-23,Inflow,Sales Payout T+1,1843.99,224722.33
2025-05-24,Inflow,Sales Payout T+1,2531.73,236239.43999999997
2025-05-24,Inflow,Sales Payout T+7,8985.38,236239.43999999997
2025-05-25,Inflow,Sales Payout T+1,2402.54,244948.68999999997
2025-05-25,Inflow,Sales Payout T+7,8189.24,244948.68999999997
2025-05-25,Outflow,OPEX - Logistics Overhead,-1882.53,244948.68999999997
2025-05-26,Inflow,Sales Payout T+1,2423.88,257681.14999999997
2025-05-26,Inflow,Sales Payout T+7,10308.58,257681.14999999997
2025-05-27,Inflow,Sales Payout T+1,2245.84,269016.1699999999
2025-05-27,Inflow,Sales Payout T+7,9089.18,269016.1699999999
2025-05-28,Inflow,Sales Payout T+1,2757.31,281795.99
2025-05-28,Inflow,Sales Payout T+7,10022.51,281795.99
2025-05-29,Inflow,Sales Payout T+7,7375.98,290957.0399999999
2025-05-29,Inflow,Sales Payout T+1,1785.07,290957.0399999999
2025-05-30,Inflow,Sales Payout T+1,1786.59,236473.89999999997
2025-05-30,Inflow,Sales Payout T+7,10126.93,236473.89999999997
2025-05-30,Outflow,Advertising,-13465.150000000001,236473.89999999997
2025-05-30,Outflow,Suppliers (COGS+Shipping),-52931.51,236473.89999999997
2025-05-31,Inflow,Sales Payout T+1,1825.72,247909.79999999996
2025-05-31,Inflow,Sales Payout T+7,9610.18,247909.79999999996
2025-06-01,Inflow,Sales Payout T+1,1808.74,215253.45999999996
2025-06-01,Inflow,Sales Payout T+7,9695.54,215253.45999999996
2025-06-01,Outflow,OPEX - Rent,-6271.76,215253.45999999996
2025-06-01,Outflow,OPEX - Salaries,-37888.86,215253.45999999996
2025-06-02,Inflow,Sales Payout T+1,2674.27,226911.07999999996
2025-06-02,Inflow,Sales Payout T+7,8983.35,226911.07999999996
2025-06-03,Inflow,Sales Payout T+7,11029.25,239541.07999999996
2025-06-03,Inflow,Sales Payout T+1,1600.75,239541.07999999996
2025-06-04,Inflow,Sales Payout T+1,2354.42,249035.78999999995
2025-06-04,Inflow,Sales Payout T+7,7140.29,249035.78999999995
2025-06-05,Inflow,Sales Payout T+1,3032.59,259214.72999999995
2025-06-05,Inflow,Sales Payout T+7,7146.35,259214.72999999995
2025-06-06,Inflow,Sales Payout T+1,1938.52,220882.08999999997
2025-06-06,Inflow,Sales Payout T+7,7302.86,220882.08999999997
2025-06-06,Outflow,Suppliers (COGS+Shipping),-47574.02,220882.08999999997
2025-06-07,Inflow,Sales Payout T+1,2175.32,230292.38999999996
2025-06-07,Inflow,Sales Payout T+7,7234.98,230292.38999999996
2025-06-08,Inflow,Sales Payout T+7,10697.09,243318.77999999997
2025-06-08,Inflow,Sales Payout T+1,2329.3,243318.77999999997
2025-06-09,Inflow,Sales Payout T+7,6403.0,252628.33999999997
2025-06-09,Inflow,Sales Payout T+1,2906.56,252628.33999999997
2025-06-10,Inflow,Sales Payout T+1,2006.97,263074.76999999996
2025-06-10,Inflow,Sales Payout T+7,9417.7,263074.76999999996
2025-06-10,Outflow,OPEX - Tools & SaaS,-978.24,263074.76999999996
2025-06-11,Inflow,Sales Payout T+1,2507.51,277712.63999999996
2025-06-11,Inflow,Sales Payout T+7,12130.36,277712.63999999996
2025-06-12,Inflow,Sales Payout T+1,1844.83,287311.5399999999
2025-06-12,Inflow,Sales Payout T+7,7754.07,287311.5399999999
2025-06-13,Inflow,Sales Payout T+1,2121.22,245917.18999999994
2025-06-13,Inflow,Sales Payout T+7,8701.28,245917.18999999994
2025-06-13,Outflow,Suppliers (COGS+Shipping),-52216.85,245917.18999999994
2025-06-14,Inflow,Sales Payout T+1,2080.03,257314.41999999995
2025-06-14,Inflow,Sales Payout T+7,9317.2,257314.41999999995
2025-06-15,Outflow,Taxes,-26332.47,226883.10999999996
2025-06-15,Outflow,Advertising,-18005.54,226883.10999999996
2025-06-15,Inflow,Sales Payout T+1,2280.48,226883.10999999996
2025-06-15,Inflow,Sales Payout T+7,11626.22,226883.10999999996
2025-06-16,Inflow,Sales Payout T+1,2308.17,237219.17999999996
2025-06-16,Inflow,Sales Payout T+7,8027.9,237219.17999999996
2025-06-17,Inflow,Sales Payout T+1,2597.5,249846.70999999996
2025-06-17,Inflow,Sales Payout T+7,10030.03,249846.70999999996
2025-06-18,Inflow,Sales Payout T+1,2148.3,259374.30999999997
2025-06-18,Inflow,Sales Payout T+7,7379.3,259374.30999999997
2025-06-19,Inflow,Sales Payout T+1,1977.01,269836.17999999993
2025-06-19,Inflow,Sales Payout T+7,8484.86,269836.17999999993
2025-06-20,Outflow,Suppliers (COGS+Shipping),-48927.06,230258.55999999997
2025-06-20,Outflow,OPEX - Utilities,-1285.3,230258.55999999997
2025-06-20,Inflow,Sales Payout T+7,8320.14,230258.55999999997
2025-06-20,Inflow,Sales Payout T+1,2314.6,230258.55999999997
2025-06-21,Inflow,Sales Payout T+1,2532.4,241912.89999999997
2025-06-21,Inflow,Sales Payout T+7,9121.94,241912.89999999997
2025-06-22,Inflow,Sales Payout T+1,2430.46,253576.01999999996
2025-06-22,Inflow,Sales Payout T+7,9232.66,253576.01999999996
2025-06-23,Inflow,Sales Payout T+1,2678.02,266644.0399999999
2025-06-23,Inflow,Sales Payout T+7,10390.0,266644.0399999999
2025-06-24,Inflow,Sales Payout T+1,2062.28,277299.5399999999
2025-06-24,Inflow,Sales Payout T+7,8593.22,277299.5399999999
2025-06-25,Inflow,Sales Payout T+7,7908.02,285415.01999999996
2025-06-25,Outflow,OPEX - Logistics Overhead,-1836.77,285415.01999999996
2025-06-25,Inflow,Sales Payout T+1,2044.23,285415.01999999996
2025-06-26,Inflow,Sales Payout T+1,2583.85,297257.25
2025-06-26,Inflow,Sales Payout T+7,9258.38,297257.25
2025-06-27,Inflow,Sales Payout T+1,2601.04,256210.16999999998
2025-06-27,Inflow,Sales Payout T+7,10129.62,256210.16999999998
2025-06-27,Outflow,Suppliers (COGS+Shipping),-53777.74,256210.16999999998
2025-06-28,Inflow,Sales Payout T+1,2137.52,268069.51
2025-06-28,Inflow,Sales Payout T+7,9721.82,268069.51
2025-06-29,Inflow,Sales Payout T+1,3519.87,282301.48
2025-06-29,Inflow,Sales Payout T+7,10712.1,282301.48
2025-06-30,Inflow,Sales Payout T+7,8249.13,275049.1
2025-06-30,Inflow,Sales Payout T+1,2504.03,275049.1
2025-06-30,Outflow,Advertising,-18005.54,275049.1
2025-07-01,Outflow,OPEX - Salaries,-37975.18,241172.03999999998
2025-07-01,Outflow,OPEX - Rent,-6513.64,241172.03999999998
2025-07-01,Inflow,Sales Payout T+7,8176.9,241172.03999999998
2025-07-01,Inflow,Sales Payout T+1,2434.86,241172.03999999998
2025-07-02,Inflow,Sales Payout T+1,2073.66,253581.09999999998
2025-07-02,Inflow,Sales Payout T+7,10335.4,253581.09999999998
2025-07-03,Inflow,Sales Payout T+1,2207.7,266192.97
2025-07-03,Inflow,Sales Payout T+7,10404.17,266192.97
2025-07-04,Inflow,Sales Payout T+1,2267.71,220812.20999999996
2025-07-04,Inflow,Sales Payout T+7,8550.09,220812.20999999996
2025-07-04,Outflow,Suppliers (COGS+Shipping),-56198.56,220812.20999999996
2025-07-05,Inflow,Sales Payout T+1,2378.58,237270.28999999998
2025-07-05,Inflow,Sales Payout T+7,14079.5,237270.28999999998
2025-07-06,Inflow,Sales Payout T+1,2677.74,249964.16999999998
2025-07-06,Inflow,Sales Payout T+7,10016.14,249964.16999999998
2025-07-07,Inflow,Sales Payout T+7,9739.43,261487.68
2025-07-07,Inflow,Sales Payout T+1,1784.08,261487.68
2025-07-08,Inflow,Sales Payout T+1,1850.12,271632.43
2025-07-08,Inflow,Sales Payout T+7,8294.63,271632.43
2025-07-09,Inflow,Sales Payout T+1,1964.58,282427.8
2025-07-09,Inflow,Sales Payout T+7,8830.79,282427.8
2025-07-10,Inflow,Sales Payout T+1,2426.03,293167.05
2025-07-10,Inflow,Sales Payout T+7,9070.85,293167.05
2025-07-10,Outflow,OPEX - Tools & SaaS,-757.63,293167.05
2025-07-11,Inflow,Sales Payout T+1,1714.83,253299.06999999998
2025-07-11,Inflow,Sales Payout T+7,9514.34,253299.06999999998
2025-07-11,Outflow,Suppliers (COGS+Shipping),-51097.15,253299.06999999998
2025-07-12,Inflow,Sales Payout T+7,10710.95,266360.8
2025-07-12,Inflow,Sales Payout T+1,2350.78,266360.8
2025-07-13,Inflow,Sales Payout T+7,7136.32,276089.23
2025-07-13,Inflow,Sales Payout T+1,2592.11,276089.23
2025-07-14,Inflow,Sales Payout T+1,2043.67,285533.38
2025-07-14,Inflow,Sales Payout T+7,7400.48,285533.38
2025-07-15,Inflow,Sales Payout T+1,2078.44,249565.78999999998
2025-07-15,Inflow,Sales Payout T+7,7858.33,249565.78999999998
2025-07-15,Outflow,Advertising,-17162.86,249565.78999999998
2025-07-15,Outflow,Taxes,-28741.5,249565.78999999998
2025-07-16,Inflow,Sales Payout T+1,3041.87,262311.79
2025-07-16,Inflow,Sales Payout T+7,9704.13,262311.79
2025-07-17,Inflow,Sales Payout T+1,2230.41,271401.54
2025-07-17,Inflow,Sales Payout T+7,6859.34,271401.54
2025-07-18,Inflow,Sales Payout T+7,9403.11,235387.68999999997
2025-07-18,Outflow,Suppliers (COGS+Shipping),-47860.95,235387.68999999997
2025-07-18,Inflow,Sales Payout T+1,2443.99,235387.68999999997
2025-07-19,Inflow,Sales Payout T+1,2316.38,248072.51999999996
2025-07-19,Inflow,Sales Payout T+7,10368.45,248072.51999999996
2025-07-20,Inflow,Sales Payout T+1,2399.64,257475.79999999996
2025-07-20,Inflow,Sales Payout T+7,8174.66,257475.79999999996
2025-07-20,Outflow,OPEX - Utilities,-1171.02,257475.79999999996
2025-07-21,Inflow,Sales Payout T+1,2704.05,268493.61
2025-07-21,Inflow,Sales Payout T+7,8313.76,268493.61
2025-07-22,Inflow,Sales Payout T+1,2075.27,282736.35
2025-07-22,Inflow,Sales Payout T+7,12167.47,282736.35
2025-07-23,Inflow,Sales Payout T+7,8921.62,293691.50999999995
2025-07-23,Inflow,Sales Payout T+1,2033.54,293691.50999999995
2025-07-24,Inflow,Sales Payout T+7,9775.94,305774.75999999995
2025-07-24,Inflow,Sales Payout T+1,2307.31,305774.75999999995
2025-07-25,Inflow,Sales Payout T+1,2521.16,260331.93999999994
2025-07-25,Inflow,Sales Payout T+7,9265.52,260331.93999999994
2025-07-25,Outflow,OPEX - Logistics Overhead,-1564.73,260331.93999999994
2025-07-25,Outflow,Suppliers (COGS+Shipping),-55664.77,260331.93999999994
2025-07-26,Inflow,Sales Payout T+1,2324.43,272254.92999999993
2025-07-26,Inflow,Sales Payout T+7,9598.56,272254.92999999993
2025-07-27,Inflow,Sales Payout T+1,2218.24,285289.3899999999
2025-07-27,Inflow,Sales Payout T+7,10816.22,285289.3899999999
2025-07-28,Inflow,Sales Payout T+1,2629.06,296219.54999999993
2025-07-28,Inflow,Sales Payout T+7,8301.1,296219.54999999993
2025-07-29,Inflow,Sales Payout T+7,8134.16,306755.04999999993
2025-07-29,Inflow,Sales Payout T+1,2401.34,306755.04999999993
2025-07-30,Inflow,Sales Payout T+1,2250.51,301071.92999999993
2025-07-30,Inflow,Sales Payout T+7,9229.23,301071.92999999993
2025-07-30,Outflow,Advertising,-17162.86,301071.92999999993
2025-07-31,Inflow,Sales Payout T+1,2111.94,313268.48999999993
2025-07-31,Inflow,Sales Payout T+7,10084.62,313268.48999999993
2025-08-01,Inflow,Sales Payout T+1,2419.27,228115.75999999995
2025-08-01,Inflow,Sales Payout T+7,9297.74,228115.75999999995
2025-08-01,Outflow,OPEX - Rent,-6388.61,228115.75999999995
2025-08-01,Outflow,OPEX - Salaries,-38545.64,228115.75999999995
2025-08-01,Outflow,Suppliers (COGS+Shipping),-51935.49,228115.75999999995
2025-08-02,Inflow,Sales Payout T+1,2229.44,239218.15999999995
2025-08-02,Inflow,Sales Payout T+7,8872.96,239218.15999999995
2025-08-03,Inflow,Sales Payout T+7,10516.23,251561.63999999996
2025-08-03,Inflow,Sales Payout T+1,1827.25,251561.63999999996
2025-08-04,Inflow,Sales Payout T+1,2244.76,263411.77999999997
2025-08-04,Inflow,Sales Payout T+7,9605.38,263411.77999999997
2025-08-05,Inflow,Sales Payout T+1,2454.15,274867.99
2025-08-05,Inflow,Sales Payout T+7,9002.06,274867.99
2025-08-06,Inflow,Sales Payout T+1,2639.13,285954.87
2025-08-06,Inflow,Sales Payout T+7,8447.75,285954.87
2025-08-07,Inflow,Sales Payout T+1,2080.19,297712.14999999997
2025-08-07,Inflow,Sales Payout T+7,9677.09,297712.14999999997
2025-08-08,Inflow,Sales Payout T+1,1875.59,258551.66999999995
2025-08-08,Inflow,Sales Payout T+7,8917.76,258551.66999999995
2025-08-08,Outflow,Suppliers (COGS+Shipping),-49953.83,258551.66999999995
2025-08-09,Inflow,Sales Payout T+7,7308.98,268247.85
2025-08-09,Inflow,Sales Payout T+1,2387.2,268247.85
2025-08-10,Inflow,Sales Payout T+1,2035.65,278240.26999999996
2025-08-10,Inflow,Sales Payout T+7,8979.04,278240.26999999996
2025-08-10,Outflow,OPEX - Tools & SaaS,-1022.27,278240.26999999996
2025-08-11,Inflow,Sales Payout T+1,2469.85,290526.73
2025-08-11,Inflow,Sales Payout T+7,9816.61,290526.73
2025-08-12,Inflow,Sales Payout T+1,2217.63,303300.86999999994
2025-08-12,Inflow,Sales Payout T+7,10556.51,303300.86999999994
2025-08-13,Inflow,Sales Payout T+1,2317.46,313939.1099999999
2025-08-13,Inflow,Sales Payout T+7,8320.78,313939.1099999999
2025-08-14,Inflow,Sales Payout T+1,1975.62,323417.0899999999
2025-08-14,Inflow,Sales Payout T+7,7502.36,323417.0899999999
2025-08-15,Outflow,Taxes,-29435.57,243007.8699999999
2025-08-15,Outflow,Advertising,-11303.46,243007.8699999999
2025-08-15,Outflow,Suppliers (COGS+Shipping),-51122.07,243007.8699999999
2025-08-15,Inflow,Sales Payout T+7,9548.81,243007.8699999999
2025-08-15,Inflow,Sales Payout T+1,1903.07,243007.8699999999
2025-08-16,Inflow,Sales Payout T+1,1831.84,252982.3299999999
2025-08-16,Inflow,Sales Payout T+7,8142.62,252982.3299999999
2025-08-17,Inflow,Sales Payout T+1,1934.41,264796.1299999999
2025-08-17,Inflow,Sales Payout T+7,9879.39,264796.1299999999
2025-08-18,Inflow,Sales Payout T+1,2055.42,275722.0799999999
2025-08-18,Inflow,Sales Payout T+7,8870.53,275722.0799999999
2025-08-19,Inflow,Sales Payout T+1,2094.87,287086.80999999994
2025-08-19,Inflow,Sales Payout T+7,9269.86,287086.80999999994
2025-08-20,Inflow,Sales Payout T+7,7902.5,296493.4199999999
2025-08-20,Outflow,OPEX - Utilities,-1203.43,296493.4199999999
2025-08-20,Inflow,Sales Payout T+1,2707.54,296493.4199999999
2025-08-21,Inflow,Sales Payout T+1,2511.08,306616.7699999999
2025-08-21,Inflow,Sales Payout T+7,7612.27,306616.7699999999
2025-08-22,Inflow,Sales Payout T+1,2482.25,271488.4799999999
2025-08-22,Inflow,Sales Payout T+7,7327.38,271488.4799999999
2025-08-22,Outflow,Suppliers (COGS+Shipping),-44937.92,271488.4799999999
2025-08-23,Inflow,Sales Payout T+1,2021.47,281247.5999999999
2025-08-23,Inflow,Sales Payout T+7,7737.65,281247.5999999999
2025-08-24,Inflow,Sales Payout T+1,2583.16,292052.43999999994
2025-08-24,Inflow,Sales Payout T+7,8221.68,292052.43999999994
2025-08-25,Inflow,Sales Payout T+7,8379.48,301610.7599999999
2025-08-25,Inflow,Sales Payout T+1,2828.42,301610.7599999999
2025-08-25,Outflow,OPEX - Logistics Overhead,-1649.58,301610.7599999999
2025-08-26,Inflow,Sales Payout T+7,10830.15,314545.0999999999
2025-08-26,Inflow,Sales Payout T+1,2104.19,314545.0999999999
2025-08-27,Inflow,Sales Payout T+1,2090.78,326680.17999999993
2025-08-27,Inflow,Sales Payout T+7,10044.3,326680.17999999993
2025-08-28,Inflow,Sales Payout T+1,2046.08,338655.25999999995
2025-08-28,Inflow,Sales Payout T+7,9929.0,338655.25999999995
2025-08-29,Inflow,Sales Payout T+1,1768.34,292446.14999999997
2025-08-29,Inflow,Sales Payout T+7,8085.89,292446.14999999997
2025-08-29,Outflow,Suppliers (COGS+Shipping),-56063.34,292446.14999999997
2025-08-30,Inflow,Sales Payout T+1,1849.92,293325.25999999995
2025-08-30,Inflow,Sales Payout T+7,10332.65,293325.25999999995
2025-08-30,Outflow,Advertising,-11303.46,293325.25999999995
2025-08-31,Inflow,Sales Payout T+1,2824.54,307463.49999999994
2025-08-31,Inflow,Sales Payout T+7,11313.7,307463.49999999994
2025-09-01,Outflow,OPEX - Salaries,-39022.2,273241.94999999995
2025-09-01,Outflow,OPEX - Rent,-6337.28,273241.94999999995
2025-09-01,Inflow,Sales Payout T+1,2721.15,273241.94999999995
2025-09-01,Inflow,Sales Payout T+7,8416.78,273241.94999999995
2025-09-02,Inflow,Sales Payout T+1,2601.3,284206.38999999996
2025-09-02,Inflow,Sales Payout T+7,8363.14,284206.38999999996
2025-09-03,Inflow,Sales Payout T+1,1606.93,293997.64999999997
2025-09-03,Inflow,Sales Payout T+7,8184.33,293997.64999999997
2025-09-04,Inflow,Sales Payout T+7,7073.38,303349.51999999996
2025-09-04,Inflow,Sales Payout T+1,2278.49,303349.51999999996
2025-09-05,Inflow,Sales Payout T+7,7399.7,263358.52999999997
2025-09-05,Outflow,Suppliers (COGS+Shipping),-49576.59,263358.52999999997
2025-09-05,Inflow,Sales Payout T+1,2185.9,263358.52999999997
2025-09-06,Inflow,Sales Payout T+7,11298.15,277510.22
2025-09-06,Inflow,Sales Payout T+1,2853.54,277510.22
2025-09-07,Inflow,Sales Payout T+1,2461.87,290856.69999999995
2025-09-07,Inflow,Sales Payout T+7,10884.61,290856.69999999995
2025-09-08,Inflow,Sales Payout T+1,2640.44,303902.36
2025-09-08,Inflow,Sales Payout T+7,10405.22,303902.36
2025-09-09,Inflow,Sales Payout T+1,1947.82,312277.91
2025-09-09,Inflow,Sales Payout T+7,6427.73,312277.91
2025-09-10,Inflow,Sales Payout T+1,1705.63,322260.57999999996
2025-09-10,Inflow,Sales Payout T+7,9113.97,322260.57999999996
2025-09-10,Outflow,OPEX - Tools & SaaS,-836.93,322260.57999999996
2025-09-11,Inflow,Sales Payout T+1,2421.62,333425.77999999997
2025-09-11,Inflow,Sales Payout T+7,8743.58,333425.77999999997
2025-09-12,Outflow,Suppliers (COGS+Shipping),-54378.08,292146.13
2025-09-12,Inflow,Sales Payout T+1,1684.25,292146.13
2025-09-12,Inflow,Sales Payout T+7,11414.18,292146.13
2025-09-13,Inflow,Sales Payout T+1,1963.39,303956.99
2025-09-13,Inflow,Sales Payout T+7,9847.47,303956.99
2025-09-14,Inflow,Sales Payout T+1,2452.45,316971.19999999995
2025-09-14,Inflow,Sales Payout T+7,10561.76,316971.19999999995
2025-09-15,Inflow,Sales Payout T+1,2439.8,288800.42999999993
2025-09-15,Inflow,Sales Payout T+7,7791.28,288800.42999999993
2025-09-15,Outflow,Advertising,-13794.43,288800.42999999993
2025-09-15,Outflow,Taxes,-24607.42,288800.42999999993
2025-09-16,Inflow,Sales Payout T+1,2514.07,298137.00999999995
2025-09-16,Inflow,Sales Payout T+7,6822.51,298137.00999999995
2025-09-17,Inflow,Sales Payout T+7,9686.48,309612.24
2025-09-17,Inflow,Sales Payout T+1,1788.75,309612.24
2025-09-18,Inflow,Sales Payout T+1,2450.15,318799.38999999996
2025-09-18,Inflow,Sales Payout T+7,6737.0,318799.38999999996
2025-09-19,Inflow,Sales Payout T+1,2319.84,281790.04999999993
2025-09-19,Inflow,Sales Payout T+7,7853.56,281790.04999999993
2025-09-19,Outflow,Suppliers (COGS+Shipping),-47182.74,281790.04999999993
2025-09-20,Inflow,Sales Payout T+1,2239.98,292809.05999999994
2025-09-20,Inflow,Sales Payout T+7,9809.82,292809.05999999994
2025-09-20,Outflow,OPEX - Utilities,-1030.79,292809.05999999994
2025-09-21,Inflow,Sales Payout T+1,2570.58,305138.83999999997
2025-09-21,Inflow,Sales Payout T+7,9759.2,305138.83999999997
2025-09-22,Inflow,Sales Payout T+7,10056.29,317324.99999999994
2025-09-22,Inflow,Sales Payout T+1,2129.87,317324.99999999994
2025-09-23,Inflow,Sales Payout T+7,7155.02,327112.23999999993
2025-09-23,Inflow,Sales Payout T+1,2632.22,327112.23999999993
2025-09-24,Inflow,Sales Payout T+1,1731.66,338644.51999999996
2025-09-24,Inflow,Sales Payout T+7,9800.62,338644.51999999996
2025-09-25,Inflow,Sales Payout T+1,2369.98,348697.14999999997
2025-09-25,Inflow,Sales Payout T+7,9279.38,348697.14999999997
2025-09-25,Outflow,OPEX - Logistics Overhead,-1596.73,348697.14999999997
2025-09-26,Inflow,Sales Payout T+1,2566.99,308707.55999999994
2025-09-26,Inflow,Sales Payout T+7,8959.91,308707.55999999994
2025-09-26,Outflow,Suppliers (COGS+Shipping),-51516.49,308707.55999999994
2025-09-27,Inflow,Sales Payout T+1,3098.75,322088.61
2025-09-27,Inflow,Sales Payout T+7,10282.3,322088.61
2025-09-28,Inflow,Sales Payout T+1,2311.02,332919.11
2025-09-28,Inflow,Sales Payout T+7,8519.48,332919.11
2025-09-29,Inflow,Sales Payout T+1,1389.32,344837.31
2025-09-29,Inflow,Sales Payout T+7,10528.88,344837.31
2025-09-30,Inflow,Sales Payout T+7,6926.62,340410.77999999997
2025-09-30,Inflow,Sales Payout T+1,2441.28,340410.77999999997
2025-09-30,Outflow,Advertising,-13794.43,340410.77999999997
