Date,Year,Month,MonthName,MonthStart,Quarter,Week,Day,DayOfWeek
2024-10-01,2024,10,October,2024-10-01,2024Q4,40,1,Tuesday
2024-10-02,2024,10,October,2024-10-01,2024Q4,40,2,Wednesday
2024-10-03,2024,10,October,2024-10-01,2024Q4,40,3,Thursday
2024-10-04,2024,10,October,2024-10-01,2024Q4,40,4,Friday
2024-10-05,2024,10,October,2024-10-01,2024Q4,40,5,Saturday
2024-10-06,2024,10,October,2024-10-01,2024Q4,40,6,Sunday
2024-10-07,2024,10,October,2024-10-01,2024Q4,41,7,Monday
2024-10-08,2024,10,October,2024-10-01,2024Q4,41,8,Tuesday
2024-10-09,2024,10,October,2024-10-01,2024Q4,41,9,Wednesday
2024-10-10,2024,10,October,2024-10-01,2024Q4,41,10,Thursday
2024-10-11,2024,10,October,2024-10-01,2024Q4,41,11,Friday
2024-10-12,2024,10,October,2024-10-01,2024Q4,41,12,Saturday
2024-10-13,2024,10,October,2024-10-01,2024Q4,41,13,Sunday
2024-10-14,2024,10,October,2024-10-01,2024Q4,42,14,Monday
2024-10-15,2024,10,October,2024-10-01,2024Q4,42,15,Tuesday
2024-10-16,2024,10,October,2024-10-01,2024Q4,42,16,Wednesday
2024-10-17,2024,10,October,2024-10-01,2024Q4,42,17,Thursday
2024-10-18,2024,10,October,2024-10-01,2024Q4,42,18,Friday
2024-10-19,2024,10,October,2024-10-01,2024Q4,42,19,Saturday
2024-10-20,2024,10,October,2024-10-01,2024Q4,42,20,Sunday
2024-10-21,2024,10,October,2024-10-01,2024Q4,43,21,Monday
2024-10-22,2024,10,October,2024-10-01,2024Q4,43,22,Tuesday
2024-10-23,2024,10,October,2024-10-01,2024Q4,43,23,Wednesday
2024-10-24,2024,10,October,2024-10-01,2024Q4,43,24,Thursday
2024-10-25,2024,10,October,2024-10-01,2024Q4,43,25,Friday
2024-10-26,2024,10,October,2024-10-01,2024Q4,43,26,Saturday
2024-10-27,2024,10,October,2024-10-01,2024Q4,43,27,Sunday
2024-10-28,2024,10,October,2024-10-01,2024Q4,44,28,Monday
2024-10-29,2024,10,October,2024-10-01,2024Q4,44,29,Tuesday
2024-10-30,2024,10,October,2024-10-01,2024Q4,44,30,Wednesday
2024-10-31,2024,10,October,2024-10-01,2024Q4,44,31,Thursday
2024-11-01,2024,11,November,2024-11-01,2024Q4,44,1,Friday
2024-11-02,2024,11,November,2024-11-01,2024Q4,44,2,Saturday
2024-11-03,2024,11,November,2024-11-01,2024Q4,44,3,Sunday
2024-11-04,2024,11,November,2024-11-01,2024Q4,45,4,Monday
2024-11-05,2024,11,November,2024-11-01,2024Q4,45,5,Tuesday
2024-11-06,2024,11,November,2024-11-01,2024Q4,45,6,Wednesday
2024-11-07,2024,11,November,2024-11-01,2024Q4,45,7,Thursday
2024-11-08,2024,11,November,2024-11-01,2024Q4,45,8,Friday
2024-11-09,2024,11,November,2024-11-01,2024Q4,45,9,Saturday
2024-11-10,2024,11,November,2024-11-01,2024Q4,45,10,Sunday
2024-11-11,2024,11,November,2024-11-01,2024Q4,46,11,Monday
2024-11-12,2024,11,November,2024-11-01,2024Q4,46,12,Tuesday
2024-11-13,2024,11,November,2024-11-01,2024Q4,46,13,Wednesday
2024-11-14,2024,11,November,2024-11-01,2024Q4,46,14,Thursday
2024-11-15,2024,11,November,2024-11-01,2024Q4,46,15,Friday
2024-11-16,2024,11,November,2024-11-01,2024Q4,46,16,Saturday
2024-11-17,2024,11,November,2024-11-01,2024Q4,46,17,Sunday
2024-11-18,2024,11,November,2024-11-01,2024Q4,47,18,Monday
2024-11-19,2024,11,November,2024-11-01,2024Q4,47,19,Tuesday
2024-11-20,2024,11,November,2024-11-01,2024Q4,47,20,Wednesday
2024-11-21,2024,11,November,2024-11-01,2024Q4,47,21,Thursday
2024-11-22,2024,11,November,2024-11-01,2024Q4,47,22,Friday
2024-11-23,2024,11,November,2024-11-01,2024Q4,47,23,Saturday
2024-11-24,2024,11,November,2024-11-01,2024Q4,47,24,Sunday
2024-11-25,2024,11,November,2024-11-01,2024Q4,48,25,Monday
2024-11-26,2024,11,November,2024-11-01,2024Q4,48,26,Tuesday
2024-11-27,2024,11,November,2024-11-01,2024Q4,48,27,Wednesday
2024-11-28,2024,11,November,2024-11-01,2024Q4,48,28,Thursday
2024-11-29,2024,11,November,2024-11-01,2024Q4,48,29,Friday
2024-11-30,2024,11,November,2024-11-01,2024Q4,48,30,Saturday
2024-12-01,2024,12,December,2024-12-01,2024Q4,48,1,Sunday
2024-12-02,2024,12,December,2024-12-01,2024Q4,49,2,Monday
2024-12-03,2024,12,December,2024-12-01,2024Q4,49,3,Tuesday
2024-12-04,2024,12,December,2024-12-01,2024Q4,49,4,Wednesday
2024-12-05,2024,12,December,2024-12-01,2024Q4,49,5,Thursday
2024-12-06,2024,12,December,2024-12-01,2024Q4,49,6,Friday
2024-12-07,2024,12,December,2024-12-01,2024Q4,49,7,Saturday
2024-12-08,2024,12,December,2024-12-01,2024Q4,49,8,Sunday
2024-12-09,2024,12,December,2024-12-01,2024Q4,50,9,Monday
2024-12-10,2024,12,December,2024-12-01,2024Q4,50,10,Tuesday
2024-12-11,2024,12,December,2024-12-01,2024Q4,50,11,Wednesday
2024-12-12,2024,12,December,2024-12-01,2024Q4,50,12,Thursday
2024-12-13,2024,12,December,2024-12-01,2024Q4,50,13,Friday
2024-12-14,2024,12,December,2024-12-01,2024Q4,50,14,Saturday
2024-12-15,2024,12,December,2024-12-01,2024Q4,50,15,Sunday
2024-12-16,2024,12,December,2024-12-01,2024Q4,51,16,Monday
2024-12-17,2024,12,December,2024-12-01,2024Q4,51,17,Tuesday
2024-12-18,2024,12,December,2024-12-01,2024Q4,51,18,Wednesday
2024-12-19,2024,12,December,2024-12-01,2024Q4,51,19,Thursday
2024-12-20,2024,12,December,2024-12-01,2024Q4,51,20,Friday
2024-12-21,2024,12,December,2024-12-01,2024Q4,51,21,Saturday
2024-12-22,2024,12,December,2024-12-01,2024Q4,51,22,Sunday
2024-12-23,2024,12,December,2024-12-01,2024Q4,52,23,Monday
2024-12-24,2024,12,December,2024-12-01,2024Q4,52,24,Tuesday
2024-12-25,2024,12,December,2024-12-01,2024Q4,52,25,Wednesday
2024-12-26,2024,12,December,2024-12-01,2024Q4,52,26,Thursday
2024-12-27,2024,12,December,2024-12-01,2024Q4,52,27,Friday
2024-12-28,2024,12,December,2024-12-01,2024Q4,52,28,Saturday
2024-12-29,2024,12,December,2024-12-01,2024Q4,52,29,Sunday
2024-12-30,2024,12,December,2024-12-01,2024Q4,1,30,Monday
2024-12-31,2024,12,December,2024-12-01,2024Q4,1,31,Tuesday
2025-01-01,2025,1,January,2025-01-01,2025Q1,1,1,Wednesday
2025-01-02,2025,1,January,2025-01-01,2025Q1,1,2,Thursday
2025-01-03,2025,1,January,2025-01-01,2025Q1,1,3,Friday
2025-01-04,2025,1,January,2025-01-01,2025Q1,1,4,Saturday
2025-01-05,2025,1,January,2025-01-01,2025Q1,1,5,Sunday
2025-01-06,2025,1,January,2025-01-01,2025Q1,2,6,Monday
2025-01-07,2025,1,January,2025-01-01,2025Q1,2,7,Tuesday
2025-01-08,2025,1,January,2025-01-01,2025Q1,2,8,Wednesday
2025-01-09,2025,1,January,2025-01-01,2025Q1,2,9,Thursday
2025-01-10,2025,1,January,2025-01-01,2025Q1,2,10,Friday
2025-01-11,2025,1,January,2025-01-01,2025Q1,2,11,Saturday
2025-01-12,2025,1,January,2025-01-01,2025Q1,2,12,Sunday
2025-01-13,2025,1,January,2025-01-01,2025Q1,3,13,Monday
2025-01-14,2025,1,January,2025-01-01,2025Q1,3,14,Tuesday
2025-01-15,2025,1,January,2025-01-01,2025Q1,3,15,Wednesday
2025-01-16,2025,1,January,2025-01-01,2025Q1,3,16,Thursday
2025-01-17,2025,1,January,2025-01-01,2025Q1,3,17,Friday
2025-01-18,2025,1,January,2025-01-01,2025Q1,3,18,Saturday
2025-01-19,2025,1,January,2025-01-01,2025Q1,3,19,Sunday
2025-01-20,2025,1,January,2025-01-01,2025Q1,4,20,Monday
2025-01-21,2025,1,January,2025-01-01,2025Q1,4,21,Tuesday
2025-01-22,2025,1,January,2025-01-01,2025Q1,4,22,Wednesday
2025-01-23,2025,1,January,2025-01-01,2025Q1,4,23,Thursday
2025-01-24,2025,1,January,2025-01-01,2025Q1,4,24,Friday
2025-01-25,2025,1,January,2025-01-01,2025Q1,4,25,Saturday
2025-01-26,2025,1,January,2025-01-01,2025Q1,4,26,Sunday
2025-01-27,2025,1,January,2025-01-01,2025Q1,5,27,Monday
2025-01-28,2025,1,January,2025-01-01,2025Q1,5,28,Tuesday
2025-01-29,2025,1,January,2025-01-01,2025Q1,5,29,Wednesday
2025-01-30,2025,1,January,2025-01-01,2025Q1,5,30,Thursday
2025-01-31,2025,1,January,2025-01-01,2025Q1,5,31,Friday
2025-02-01,2025,2,February,2025-02-01,2025Q1,5,1,Saturday
2025-02-02,2025,2,February,2025-02-01,2025Q1,5,2,Sunday
2025-02-03,2025,2,February,2025-02-01,2025Q1,6,3,Monday
2025-02-04,2025,2,February,2025-02-01,2025Q1,6,4,Tuesday
2025-02-05,2025,2,February,2025-02-01,2025Q1,6,5,Wednesday
2025-02-06,2025,2,February,2025-02-01,2025Q1,6,6,Thursday
2025-02-07,2025,2,February,2025-02-01,2025Q1,6,7,Friday
2025-02-08,2025,2,February,2025-02-01,2025Q1,6,8,Saturday
2025-02-09,2025,2,February,2025-02-01,2025Q1,6,9,Sunday
2025-02-10,2025,2,February,2025-02-01,2025Q1,7,10,Monday
2025-02-11,2025,2,February,2025-02-01,2025Q1,7,11,Tuesday
2025-02-12,2025,2,February,2025-02-01,2025Q1,7,12,Wednesday
2025-02-13,2025,2,February,2025-02-01,2025Q1,7,13,Thursday
2025-02-14,2025,2,February,2025-02-01,2025Q1,7,14,Friday
2025-02-15,2025,2,February,2025-02-01,2025Q1,7,15,Saturday
2025-02-16,2025,2,February,2025-02-01,2025Q1,7,16,Sunday
2025-02-17,2025,2,February,2025-02-01,2025Q1,8,17,Monday
2025-02-18,2025,2,February,2025-02-01,2025Q1,8,18,Tuesday
2025-02-19,2025,2,February,2025-02-01,2025Q1,8,19,Wednesday
2025-02-20,2025,2,February,2025-02-01,2025Q1,8,20,Thursday
2025-02-21,2025,2,February,2025-02-01,2025Q1,8,21,Friday
2025-02-22,2025,2,February,2025-02-01,2025Q1,8,22,Saturday
2025-02-23,2025,2,February,2025-02-01,2025Q1,8,23,Sunday
2025-02-24,2025,2,February,2025-02-01,2025Q1,9,24,Monday
2025-02-25,2025,2,February,2025-02-01,2025Q1,9,25,Tuesday
2025-02-26,2025,2,February,2025-02-01,2025Q1,9,26,Wednesday
2025-02-27,2025,2,February,2025-02-01,2025Q1,9,27,Thursday
2025-02-28,2025,2,February,2025-02-01,2025Q1,9,28,Friday
2025-03-01,2025,3,March,2025-03-01,2025Q1,9,1,Saturday
2025-03-02,2025,3,March,2025-03-01,2025Q1,9,2,Sunday
2025-03-03,2025,3,March,2025-03-01,2025Q1,10,3,Monday
2025-03-04,2025,3,March,2025-03-01,2025Q1,10,4,Tuesday
2025-03-05,2025,3,March,2025-03-01,2025Q1,10,5,Wednesday
2025-03-06,2025,3,March,2025-03-01,2025Q1,10,6,Thursday
2025-03-07,2025,3,March,2025-03-01,2025Q1,10,7,Friday
2025-03-08,2025,3,March,2025-03-01,2025Q1,10,8,Saturday
2025-03-09,2025,3,March,2025-03-01,2025Q1,10,9,Sunday
2025-03-10,2025,3,March,2025-03-01,2025Q1,11,10,Monday
2025-03-11,2025,3,March,2025-03-01,2025Q1,11,11,Tuesday
2025-03-12,2025,3,March,2025-03-01,2025Q1,11,12,Wednesday
2025-03-13,2025,3,March,2025-03-01,2025Q1,11,13,Thursday
2025-03-14,2025,3,March,2025-03-01,2025Q1,11,14,Friday
2025-03-15,2025,3,March,2025-03-01,2025Q1,11,15,Saturday
2025-03-16,2025,3,March,2025-03-01,2025Q1,11,16,Sunday
2025-03-17,2025,3,March,2025-03-01,2025Q1,12,17,Monday
2025-03-18,2025,3,March,2025-03-01,2025Q1,12,18,Tuesday
2025-03-19,2025,3,March,2025-03-01,2025Q1,12,19,Wednesday
2025-03-20,2025,3,March,2025-03-01,2025Q1,12,20,Thursday
2025-03-21,2025,3,March,2025-03-01,2025Q1,12,21,Friday
2025-03-22,2025,3,March,2025-03-01,2025Q1,12,22,Saturday
2025-03-23,2025,3,March,2025-03-01,2025Q1,12,23,Sunday
2025-03-24,2025,3,March,2025-03-01,2025Q1,13,24,Monday
2025-03-25,2025,3,March,2025-03-01,2025Q1,13,25,Tuesday
2025-03-26,2025,3,March,2025-03-01,2025Q1,13,26,Wednesday
2025-03-27,2025,3,March,2025-03-01,2025Q1,13,27,Thursday
2025-03-28,2025,3,March,2025-03-01,2025Q1,13,28,Friday
2025-03-29,2025,3,March,2025-03-01,2025Q1,13,29,Saturday
2025-03-30,2025,3,March,2025-03-01,2025Q1,13,30,Sunday
2025-03-31,2025,3,March,2025-03-01,2025Q1,14,31,Monday
2025-04-01,2025,4,April,2025-04-01,2025Q2,14,1,Tuesday
2025-04-02,2025,4,April,2025-04-01,2025Q2,14,2,Wednesday
2025-04-03,2025,4,April,2025-04-01,2025Q2,14,3,Thursday
2025-04-04,2025,4,April,2025-04-01,2025Q2,14,4,Friday
2025-04-05,2025,4,April,2025-04-01,2025Q2,14,5,Saturday
2025-04-06,2025,4,April,2025-04-01,2025Q2,14,6,Sunday
2025-04-07,2025,4,April,2025-04-01,2025Q2,15,7,Monday
2025-04-08,2025,4,April,2025-04-01,2025Q2,15,8,Tuesday
2025-04-09,2025,4,April,2025-04-01,2025Q2,15,9,Wednesday
2025-04-10,2025,4,April,2025-04-01,2025Q2,15,10,Thursday
2025-04-11,2025,4,April,2025-04-01,2025Q2,15,11,Friday
2025-04-12,2025,4,April,2025-04-01,2025Q2,15,12,Saturday
2025-04-13,2025,4,April,2025-04-01,2025Q2,15,13,Sunday
2025-04-14,2025,4,April,2025-04-01,2025Q2,16,14,Monday
2025-04-15,2025,4,April,2025-04-01,2025Q2,16,15,Tuesday
2025-04-16,2025,4,April,2025-04-01,2025Q2,16,16,Wednesday
2025-04-17,2025,4,April,2025-04-01,2025Q2,16,17,Thursday
2025-04-18,2025,4,April,2025-04-01,2025Q2,16,18,Friday
2025-04-19,2025,4,April,2025-04-01,2025Q2,16,19,Saturday
2025-04-20,2025,4,April,2025-04-01,2025Q2,16,20,Sunday
2025-04-21,2025,4,April,2025-04-01,2025Q2,17,21,Monday
2025-04-22,2025,4,April,2025-04-01,2025Q2,17,22,Tuesday
2025-04-23,2025,4,April,2025-04-01,2025Q2,17,23,Wednesday
2025-04-24,2025,4,April,2025-04-01,2025Q2,17,24,Thursday
2025-04-25,2025,4,April,2025-04-01,2025Q2,17,25,Friday
2025-04-26,2025,4,April,2025-04-01,2025Q2,17,26,Saturday
2025-04-27,2025,4,April,2025-04-01,2025Q2,17,27,Sunday
2025-04-28,2025,4,April,2025-04-01,2025Q2,18,28,Monday
2025-04-29,2025,4,April,2025-04-01,2025Q2,18,29,Tuesday
2025-04-30,2025,4,April,2025-04-01,2025Q2,18,30,Wednesday
2025-05-01,2025,5,May,2025-05-01,2025Q2,18,1,Thursday
2025-05-02,2025,5,May,2025-05-01,2025Q2,18,2,Friday
2025-05-03,2025,5,May,2025-05-01,2025Q2,18,3,Saturday
2025-05-04,2025,5,May,2025-05-01,2025Q2,18,4,Sunday
2025-05-05,2025,5,May,2025-05-01,2025Q2,19,5,Monday
2025-05-06,2025,5,May,2025-05-01,2025Q2,19,6,Tuesday
2025-05-07,2025,5,May,2025-05-01,2025Q2,19,7,Wednesday
2025-05-08,2025,5,May,2025-05-01,2025Q2,19,8,Thursday
2025-05-09,2025,5,May,2025-05-01,2025Q2,19,9,Friday
2025-05-10,2025,5,May,2025-05-01,2025Q2,19,10,Saturday
2025-05-11,2025,5,May,2025-05-01,2025Q2,19,11,Sunday
2025-05-12,2025,5,May,2025-05-01,2025Q2,20,12,Monday
2025-05-13,2025,5,May,2025-05-01,2025Q2,20,13,Tuesday
2025-05-14,2025,5,May,2025-05-01,2025Q2,20,14,Wednesday
2025-05-15,2025,5,May,2025-05-01,2025Q2,20,15,Thursday
2025-05-16,2025,5,May,2025-05-01,2025Q2,20,16,Friday
2025-05-17,2025,5,May,2025-05-01,2025Q2,20,17,Saturday
2025-05-18,2025,5,May,2025-05-01,2025Q2,20,18,Sunday
2025-05-19,2025,5,May,2025-05-01,2025Q2,21,19,Monday
2025-05-20,2025,5,May,2025-05-01,2025Q2,21,20,Tuesday
2025-05-21,2025,5,May,2025-05-01,2025Q2,21,21,Wednesday
2025-05-22,2025,5,May,2025-05-01,2025Q2,21,22,Thursday
2025-05-23,2025,5,May,2025-05-01,2025Q2,21,23,Friday
2025-05-24,2025,5,May,2025-05-01,2025Q2,21,24,Saturday
2025-05-25,2025,5,May,2025-05-01,2025Q2,21,25,Sunday
2025-05-26,2025,5,May,2025-05-01,2025Q2,22,26,Monday
2025-05-27,2025,5,May,2025-05-01,2025Q2,22,27,Tuesday
2025-05-28,2025,5,May,2025-05-01,2025Q2,22,28,Wednesday
2025-05-29,2025,5,May,2025-05-01,2025Q2,22,29,Thursday
2025-05-30,2025,5,May,2025-05-01,2025Q2,22,30,Friday
2025-05-31,2025,5,May,2025-05-01,2025Q2,22,31,Saturday
2025-06-01,2025,6,June,2025-06-01,2025Q2,22,1,Sunday
2025-06-02,2025,6,June,2025-06-01,2025Q2,23,2,Monday
2025-06-03,2025,6,June,2025-06-01,2025Q2,23,3,Tuesday
2025-06-04,2025,6,June,2025-06-01,2025Q2,23,4,Wednesday
2025-06-05,2025,6,June,2025-06-01,2025Q2,23,5,Thursday
2025-06-06,2025,6,June,2025-06-01,2025Q2,23,6,Friday
2025-06-07,2025,6,June,2025-06-01,2025Q2,23,7,Saturday
2025-06-08,2025,6,June,2025-06-01,2025Q2,23,8,Sunday
2025-06-09,2025,6,June,2025-06-01,2025Q2,24,9,Monday
2025-06-10,2025,6,June,2025-06-01,2025Q2,24,10,Tuesday
2025-06-11,2025,6,June,2025-06-01,2025Q2,24,11,Wednesday
2025-06-12,2025,6,June,2025-06-01,2025Q2,24,12,Thursday
2025-06-13,2025,6,June,2025-06-01,2025Q2,24,13,Friday
2025-06-14,2025,6,June,2025-06-01,2025Q2,24,14,Saturday
2025-06-15,2025,6,June,2025-06-01,2025Q2,24,15,Sunday
2025-06-16,2025,6,June,2025-06-01,2025Q2,25,16,Monday
2025-06-17,2025,6,June,2025-06-01,2025Q2,25,17,Tuesday
2025-06-18,2025,6,June,2025-06-01,2025Q2,25,18,Wednesday
2025-06-19,2025,6,June,2025-06-01,2025Q2,25,19,Thursday
2025-06-20,2025,6,June,2025-06-01,2025Q2,25,20,Friday
2025-06-21,2025,6,June,2025-06-01,2025Q2,25,21,Saturday
2025-06-22,2025,6,June,2025-06-01,2025Q2,25,22,Sunday
2025-06-23,2025,6,June,2025-06-01,2025Q2,26,23,Monday
2025-06-24,2025,6,June,2025-06-01,2025Q2,26,24,Tuesday
2025-06-25,2025,6,June,2025-06-01,2025Q2,26,25,Wednesday
2025-06-26,2025,6,June,2025-06-01,2025Q2,26,26,Thursday
2025-06-27,2025,6,June,2025-06-01,2025Q2,26,27,Friday
2025-06-28,2025,6,June,2025-06-01,2025Q2,26,28,Saturday
2025-06-29,2025,6,June,2025-06-01,2025Q2,26,29,Sunday
2025-06-30,2025,6,June,2025-06-01,2025Q2,27,30,Monday
2025-07-01,2025,7,July,2025-07-01,2025Q3,27,1,Tuesday
2025-07-02,2025,7,July,2025-07-01,2025Q3,27,2,Wednesday
2025-07-03,2025,7,July,2025-07-01,2025Q3,27,3,Thursday
2025-07-04,2025,7,July,2025-07-01,2025Q3,27,4,Friday
2025-07-05,2025,7,July,2025-07-01,2025Q3,27,5,Saturday
2025-07-06,2025,7,July,2025-07-01,2025Q3,27,6,Sunday
2025-07-07,2025,7,July,2025-07-01,2025Q3,28,7,Monday
2025-07-08,2025,7,July,2025-07-01,2025Q3,28,8,Tuesday
2025-07-09,2025,7,July,2025-07-01,2025Q3,28,9,Wednesday
2025-07-10,2025,7,July,2025-07-01,2025Q3,28,10,Thursday
2025-07-11,2025,7,July,2025-07-01,2025Q3,28,11,Friday
2025-07-12,2025,7,July,2025-07-01,2025Q3,28,12,Saturday
2025-07-13,2025,7,July,2025-07-01,2025Q3,28,13,Sunday
2025-07-14,2025,7,July,2025-07-01,2025Q3,29,14,Monday
2025-07-15,2025,7,July,2025-07-01,2025Q3,29,15,Tuesday
2025-07-16,2025,7,July,2025-07-01,2025Q3,29,16,Wednesday
2025-07-17,2025,7,July,2025-07-01,2025Q3,29,17,Thursday
2025-07-18,2025,7,July,2025-07-01,2025Q3,29,18,Friday
2025-07-19,2025,7,July,2025-07-01,2025Q3,29,19,Saturday
2025-07-20,2025,7,July,2025-07-01,2025Q3,29,20,Sunday
2025-07-21,2025,7,July,2025-07-01,2025Q3,30,21,Monday
2025-07-22,2025,7,July,2025-07-01,2025Q3,30,22,Tuesday
2025-07-23,2025,7,July,2025-07-01,2025Q3,30,23,Wednesday
2025-07-24,2025,7,July,2025-07-01,2025Q3,30,24,Thursday
2025-07-25,2025,7,July,2025-07-01,2025Q3,30,25,Friday
2025-07-26,2025,7,July,2025-07-01,2025Q3,30,26,Saturday
2025-07-27,2025,7,July,2025-07-01,2025Q3,30,27,Sunday
2025-07-28,2025,7,July,2025-07-01,2025Q3,31,28,Monday
2025-07-29,2025,7,July,2025-07-01,2025Q3,31,29,Tuesday
2025-07-30,2025,7,July,2025-07-01,2025Q3,31,30,Wednesday
2025-07-31,2025,7,July,2025-07-01,2025Q3,31,31,Thursday
2025-08-01,2025,8,August,2025-08-01,2025Q3,31,1,Friday
2025-08-02,2025,8,August,2025-08-01,2025Q3,31,2,Saturday
2025-08-03,2025,8,August,2025-08-01,2025Q3,31,3,Sunday
2025-08-04,2025,8,August,2025-08-01,2025Q3,32,4,Monday
2025-08-05,2025,8,August,2025-08-01,2025Q3,32,5,Tuesday
2025-08-06,2025,8,August,2025-08-01,2025Q3,32,6,Wednesday
2025-08-07,2025,8,August,2025-08-01,2025Q3,32,7,Thursday
2025-08-08,2025,8,August,2025-08-01,2025Q3,32,8,Friday
2025-08-09,2025,8,August,2025-08-01,2025Q3,32,9,Saturday
2025-08-10,2025,8,August,2025-08-01,2025Q3,32,10,Sunday
2025-08-11,2025,8,August,2025-08-01,2025Q3,33,11,Monday
2025-08-12,2025,8,August,2025-08-01,2025Q3,33,12,Tuesday
2025-08-13,2025,8,August,2025-08-01,2025Q3,33,13,Wednesday
2025-08-14,2025,8,August,2025-08-01,2025Q3,33,14,Thursday
2025-08-15,2025,8,August,2025-08-01,2025Q3,33,15,Friday
2025-08-16,2025,8,August,2025-08-01,2025Q3,33,16,Saturday
2025-08-17,2025,8,August,2025-08-01,2025Q3,33,17,Sunday
2025-08-18,2025,8,August,2025-08-01,2025Q3,34,18,Monday
2025-08-19,2025,8,August,2025-08-01,2025Q3,34,19,Tuesday
2025-08-20,2025,8,August,2025-08-01,2025Q3,34,20,Wednesday
2025-08-21,2025,8,August,2025-08-01,2025Q3,34,21,Thursday
2025-08-22,2025,8,August,2025-08-01,2025Q3,34,22,Friday
2025-08-23,2025,8,August,2025-08-01,2025Q3,34,23,Saturday
2025-08-24,2025,8,August,2025-08-01,2025Q3,34,24,Sunday
2025-08-25,2025,8,August,2025-08-01,2025Q3,35,25,Monday
2025-08-26,2025,8,August,2025-08-01,2025Q3,35,26,Tuesday
2025-08-27,2025,8,August,2025-08-01,2025Q3,35,27,Wednesday
2025-08-28,2025,8,August,2025-08-01,2025Q3,35,28,Thursday
2025-08-29,2025,8,August,2025-08-01,2025Q3,35,29,Friday
2025-08-30,2025,8,August,2025-08-01,2025Q3,35,30,Saturday
2025-08-31,2025,8,August,2025-08-01,2025Q3,35,31,Sunday
2025-09-01,2025,9,September,2025-09-01,2025Q3,36,1,Monday
2025-09-02,2025,9,September,2025-09-01,2025Q3,36,2,Tuesday
2025-09-03,2025,9,September,2025-09-01,2025Q3,36,3,Wednesday
2025-09-04,2025,9,September,2025-09-01,2025Q3,36,4,Thursday
2025-09-05,2025,9,September,2025-09-01,2025Q3,36,5,Friday
2025-09-06,2025,9,September,2025-09-01,2025Q3,36,6,Saturday
2025-09-07,2025,9,September,2025-09-01,2025Q3,36,7,Sunday
2025-09-08,2025,9,September,2025-09-01,2025Q3,37,8,Monday
2025-09-09,2025,9,September,2025-09-01,2025Q3,37,9,Tuesday
2025-09-10,2025,9,September,2025-09-01,2025Q3,37,10,Wednesday
2025-09-11,2025,9,September,2025-09-01,2025Q3,37,11,Thursday
2025-09-12,2025,9,September,2025-09-01,2025Q3,37,12,Friday
2025-09-13,2025,9,September,2025-09-01,2025Q3,37,13,Saturday
2025-09-14,2025,9,September,2025-09-01,2025Q3,37,14,Sunday
2025-09-15,2025,9,September,2025-09-01,2025Q3,38,15,Monday
2025-09-16,2025,9,September,2025-09-01,2025Q3,38,16,Tuesday
2025-09-17,2025,9,September,2025-09-01,2025Q3,38,17,Wednesday
2025-09-18,2025,9,September,2025-09-01,2025Q3,38,18,Thursday
2025-09-19,2025,9,September,2025-09-01,2025Q3,38,19,Friday
2025-09-20,2025,9,September,2025-09-01,2025Q3,38,20,Saturday
2025-09-21,2025,9,September,2025-09-01,2025Q3,38,21,Sunday
2025-09-22,2025,9,September,2025-09-01,2025Q3,39,22,Monday
2025-09-23,2025,9,September,2025-09-01,2025Q3,39,23,Tuesday
2025-09-24,2025,9,September,2025-09-01,2025Q3,39,24,Wednesday
2025-09-25,2025,9,September,2025-09-01,2025Q3,39,25,Thursday
2025-09-26,2025,9,September,2025-09-01,2025Q3,39,26,Friday
2025-09-27,2025,9,September,2025-09-01,2025Q3,39,27,Saturday
2025-09-28,2025,9,September,2025-09-01,2025Q3,39,28,Sunday
2025-09-29,2025,9,September,2025-09-01,2025Q3,40,29,Monday
2025-09-30,2025,9,September,2025-09-01,2025Q3,40,30,Tuesday
