Date,AccountCode,AccountName,Type,Amount
2024-10-01,4000,Revenue,Revenue,10678.63
2024-10-01,5000,COGS - Merchandise,COGS,-6039.82
2024-10-01,5100,COGS - Shipping,COGS,-590.28
2024-10-01,5200,COGS - Platform Fees,COGS,-599.66
2024-10-02,4000,Revenue,Revenue,12082.0
2024-10-02,5000,COGS - Merchandise,COGS,-6524.83
2024-10-02,5100,COGS - Shipping,COGS,-722.45
2024-10-02,5200,COGS - Platform Fees,COGS,-762.49
2024-10-03,4000,Revenue,Revenue,9501.78
2024-10-03,5000,COGS - Merchandise,COGS,-5217.65
2024-10-03,5100,COGS - Shipping,COGS,-601.0
2024-10-03,5200,COGS - Platform Fees,COGS,-584.86
2024-10-04,5200,COGS - Platform Fees,COGS,-738.25
2024-10-04,5100,COGS - Shipping,COGS,-665.98
2024-10-04,4000,Revenue,Revenue,11106.58
2024-10-04,5000,COGS - Merchandise,COGS,-6011.16
2024-10-05,4000,Revenue,Revenue,14604.72
2024-10-05,5000,COGS - Merchandise,COGS,-7927.18
2024-10-05,5100,COGS - Shipping,COGS,-879.72
2024-10-05,5200,COGS - Platform Fees,COGS,-1010.8
2024-10-06,4000,Revenue,Revenue,15492.65
2024-10-06,5000,COGS - Merchandise,COGS,-8956.35
2024-10-06,5100,COGS - Shipping,COGS,-798.54
2024-10-06,5200,COGS - Platform Fees,COGS,-943.35
2024-10-07,5200,COGS - Platform Fees,COGS,-716.58
2024-10-07,4000,Revenue,Revenue,10763.19
2024-10-07,5000,COGS - Merchandise,COGS,-5976.02
2024-10-07,5100,COGS - Shipping,COGS,-633.58
2024-10-08,5200,COGS - Platform Fees,COGS,-797.71
2024-10-08,5100,COGS - Shipping,COGS,-702.25
2024-10-08,4000,Revenue,Revenue,12777.92
2024-10-08,5000,COGS - Merchandise,COGS,-7155.7
2024-10-09,4000,Revenue,Revenue,12351.3
2024-10-09,5000,COGS - Merchandise,COGS,-6683.7
2024-10-09,5100,COGS - Shipping,COGS,-788.52
2024-10-09,5200,COGS - Platform Fees,COGS,-628.58
2024-10-10,4000,Revenue,Revenue,9662.5
2024-10-10,5000,COGS - Merchandise,COGS,-5354.12
2024-10-10,5100,COGS - Shipping,COGS,-587.87
2024-10-10,5200,COGS - Platform Fees,COGS,-726.26
2024-10-11,5200,COGS - Platform Fees,COGS,-752.15
2024-10-11,4000,Revenue,Revenue,12141.6
2024-10-11,5000,COGS - Merchandise,COGS,-6370.3
2024-10-11,5100,COGS - Shipping,COGS,-741.68
2024-10-12,5200,COGS - Platform Fees,COGS,-812.84
2024-10-12,5100,COGS - Shipping,COGS,-803.74
2024-10-12,5000,COGS - Merchandise,COGS,-6077.02
2024-10-12,4000,Revenue,Revenue,11780.69
2024-10-13,4000,Revenue,Revenue,16190.97
2024-10-13,5000,COGS - Merchandise,COGS,-8568.63
2024-10-13,5100,COGS - Shipping,COGS,-1009.99
2024-10-13,5200,COGS - Platform Fees,COGS,-1080.64
2024-10-14,5200,COGS - Platform Fees,COGS,-733.41
2024-10-14,4000,Revenue,Revenue,11578.23
2024-10-14,5000,COGS - Merchandise,COGS,-6402.71
2024-10-14,5100,COGS - Shipping,COGS,-668.97
2024-10-15,5100,COGS - Shipping,COGS,-784.68
2024-10-15,5200,COGS - Platform Fees,COGS,-858.23
2024-10-15,4000,Revenue,Revenue,14536.87
2024-10-15,5000,COGS - Merchandise,COGS,-8172.65
2024-10-16,5200,COGS - Platform Fees,COGS,-664.94
2024-10-16,5100,COGS - Shipping,COGS,-682.01
2024-10-16,5000,COGS - Merchandise,COGS,-6060.51
2024-10-16,4000,Revenue,Revenue,11204.64
2024-10-17,4000,Revenue,Revenue,12493.97
2024-10-17,5000,COGS - Merchandise,COGS,-6855.87
2024-10-17,5100,COGS - Shipping,COGS,-766.99
2024-10-17,5200,COGS - Platform Fees,COGS,-871.66
2024-10-18,4000,Revenue,Revenue,13309.92
2024-10-18,5000,COGS - Merchandise,COGS,-7271.55
2024-10-18,5100,COGS - Shipping,COGS,-791.32
2024-10-18,5200,COGS - Platform Fees,COGS,-775.21
2024-10-19,4000,Revenue,Revenue,11631.15
2024-10-19,5000,COGS - Merchandise,COGS,-6360.8
2024-10-19,5100,COGS - Shipping,COGS,-685.17
2024-10-19,5200,COGS - Platform Fees,COGS,-720.71
2024-10-20,5200,COGS - Platform Fees,COGS,-1034.48
2024-10-20,5100,COGS - Shipping,COGS,-890.29
2024-10-20,5000,COGS - Merchandise,COGS,-8616.4
2024-10-20,4000,Revenue,Revenue,15800.19
2024-10-21,4000,Revenue,Revenue,10961.86
2024-10-21,5000,COGS - Merchandise,COGS,-5750.19
2024-10-21,5100,COGS - Shipping,COGS,-674.99
2024-10-21,5200,COGS - Platform Fees,COGS,-755.61
2024-10-22,4000,Revenue,Revenue,12302.72
2024-10-22,5000,COGS - Merchandise,COGS,-6611.09
2024-10-22,5100,COGS - Shipping,COGS,-738.34
2024-10-22,5200,COGS - Platform Fees,COGS,-827.29
2024-10-23,4000,Revenue,Revenue,13472.73
2024-10-23,5000,COGS - Merchandise,COGS,-7445.87
2024-10-23,5100,COGS - Shipping,COGS,-738.15
2024-10-23,5200,COGS - Platform Fees,COGS,-925.63
2024-10-24,5200,COGS - Platform Fees,COGS,-749.74
2024-10-24,5100,COGS - Shipping,COGS,-633.38
2024-10-24,5000,COGS - Merchandise,COGS,-5876.65
2024-10-24,4000,Revenue,Revenue,10786.16
2024-10-25,4000,Revenue,Revenue,10528.58
2024-10-25,5000,COGS - Merchandise,COGS,-5613.29
2024-10-25,5100,COGS - Shipping,COGS,-680.53
2024-10-25,5200,COGS - Platform Fees,COGS,-747.27
2024-10-26,4000,Revenue,Revenue,14517.0
2024-10-26,5000,COGS - Merchandise,COGS,-7702.05
2024-10-26,5100,COGS - Shipping,COGS,-925.32
2024-10-26,5200,COGS - Platform Fees,COGS,-1000.41
2024-10-27,5200,COGS - Platform Fees,COGS,-740.66
2024-10-27,4000,Revenue,Revenue,12123.93
2024-10-27,5000,COGS - Merchandise,COGS,-6664.64
2024-10-27,5100,COGS - Shipping,COGS,-715.72
2024-10-28,5200,COGS - Platform Fees,COGS,-760.22
2024-10-28,5100,COGS - Shipping,COGS,-668.53
2024-10-28,4000,Revenue,Revenue,11463.02
2024-10-28,5000,COGS - Merchandise,COGS,-6208.96
2024-10-29,4000,Revenue,Revenue,12218.61
2024-10-29,5000,COGS - Merchandise,COGS,-6615.05
2024-10-29,5100,COGS - Shipping,COGS,-757.54
2024-10-29,5200,COGS - Platform Fees,COGS,-772.27
2024-10-30,5100,COGS - Shipping,COGS,-724.46
2024-10-30,4000,Revenue,Revenue,12882.7
2024-10-30,5000,COGS - Merchandise,COGS,-7064.75
2024-10-30,5200,COGS - Platform Fees,COGS,-790.97
2024-10-31,6400,OPEX - Logistics Overhead,OPEX,-1897.51
2024-10-31,6350,OPEX - Tools & SaaS,OPEX,-827.63
2024-10-31,8000,Taxes - Income/Turnover,Taxes,-29836.56
2024-10-31,6200,OPEX - Rent,OPEX,-6220.63
2024-10-31,6300,OPEX - Utilities,OPEX,-1363.73
2024-10-31,6100,OPEX - Salaries,OPEX,-37980.71
2024-10-31,6000,OPEX - Advertising,OPEX,-24782.04
2024-10-31,5200,COGS - Platform Fees,COGS,-636.72
2024-10-31,5100,COGS - Shipping,COGS,-722.2
2024-10-31,5000,COGS - Merchandise,COGS,-5966.03
2024-10-31,4000,Revenue,Revenue,11011.57
2024-11-01,5200,COGS - Platform Fees,COGS,-1098.84
2024-11-01,4000,Revenue,Revenue,17973.56
2024-11-01,5000,COGS - Merchandise,COGS,-9873.74
2024-11-01,5100,COGS - Shipping,COGS,-1032.84
2024-11-02,5200,COGS - Platform Fees,COGS,-883.73
2024-11-02,5100,COGS - Shipping,COGS,-857.05
2024-11-02,5000,COGS - Merchandise,COGS,-8438.46
2024-11-02,4000,Revenue,Revenue,15204.01
2024-11-03,5200,COGS - Platform Fees,COGS,-1048.37
2024-11-03,5100,COGS - Shipping,COGS,-1051.92
2024-11-03,4000,Revenue,Revenue,17682.37
2024-11-03,5000,COGS - Merchandise,COGS,-9617.95
2024-11-04,5200,COGS - Platform Fees,COGS,-867.33
2024-11-04,5100,COGS - Shipping,COGS,-799.22
2024-11-04,5000,COGS - Merchandise,COGS,-8235.95
2024-11-04,4000,Revenue,Revenue,14576.31
2024-11-05,5200,COGS - Platform Fees,COGS,-907.15
2024-11-05,5000,COGS - Merchandise,COGS,-8259.95
2024-11-05,4000,Revenue,Revenue,14905.89
2024-11-05,5100,COGS - Shipping,COGS,-811.36
2024-11-06,5200,COGS - Platform Fees,COGS,-1262.66
2024-11-06,5100,COGS - Shipping,COGS,-1081.42
2024-11-06,5000,COGS - Merchandise,COGS,-10130.17
2024-11-06,4000,Revenue,Revenue,18785.24
2024-11-07,5200,COGS - Platform Fees,COGS,-941.88
2024-11-07,5000,COGS - Merchandise,COGS,-8364.4
2024-11-07,4000,Revenue,Revenue,15553.18
2024-11-07,5100,COGS - Shipping,COGS,-945.74
2024-11-08,4000,Revenue,Revenue,15752.86
2024-11-08,5000,COGS - Merchandise,COGS,-8595.73
2024-11-08,5100,COGS - Shipping,COGS,-926.33
2024-11-08,5200,COGS - Platform Fees,COGS,-1226.2
2024-11-09,5200,COGS - Platform Fees,COGS,-841.73
2024-11-09,5000,COGS - Merchandise,COGS,-7050.82
2024-11-09,4000,Revenue,Revenue,13298.88
2024-11-09,5100,COGS - Shipping,COGS,-816.59
2024-11-10,4000,Revenue,Revenue,17780.81
2024-11-10,5000,COGS - Merchandise,COGS,-9455.5
2024-11-10,5100,COGS - Shipping,COGS,-1030.73
2024-11-10,5200,COGS - Platform Fees,COGS,-1023.08
2024-11-11,5100,COGS - Shipping,COGS,-843.63
2024-11-11,5200,COGS - Platform Fees,COGS,-1007.54
2024-11-11,5000,COGS - Merchandise,COGS,-8151.01
2024-11-11,4000,Revenue,Revenue,14895.93
2024-11-12,5000,COGS - Merchandise,COGS,-5066.09
2024-11-12,4000,Revenue,Revenue,9459.49
2024-11-12,5200,COGS - Platform Fees,COGS,-637.89
2024-11-12,5100,COGS - Shipping,COGS,-577.4
2024-11-13,4000,Revenue,Revenue,14110.17
2024-11-13,5000,COGS - Merchandise,COGS,-7606.43
2024-11-13,5100,COGS - Shipping,COGS,-837.57
2024-11-13,5200,COGS - Platform Fees,COGS,-907.71
2024-11-14,5100,COGS - Shipping,COGS,-833.58
2024-11-14,4000,Revenue,Revenue,12341.47
2024-11-14,5000,COGS - Merchandise,COGS,-6536.07
2024-11-14,5200,COGS - Platform Fees,COGS,-696.66
2024-11-15,5100,COGS - Shipping,COGS,-1032.06
2024-11-15,4000,Revenue,Revenue,16127.22
2024-11-15,5000,COGS - Merchandise,COGS,-8502.58
2024-11-15,5200,COGS - Platform Fees,COGS,-942.36
2024-11-16,4000,Revenue,Revenue,16250.57
2024-11-16,5000,COGS - Merchandise,COGS,-8986.14
2024-11-16,5100,COGS - Shipping,COGS,-930.97
2024-11-16,5200,COGS - Platform Fees,COGS,-1007.23
2024-11-17,5100,COGS - Shipping,COGS,-800.87
2024-11-17,4000,Revenue,Revenue,15081.57
2024-11-17,5000,COGS - Merchandise,COGS,-8502.69
2024-11-17,5200,COGS - Platform Fees,COGS,-960.42
2024-11-18,4000,Revenue,Revenue,12556.09
2024-11-18,5000,COGS - Merchandise,COGS,-6635.28
2024-11-18,5100,COGS - Shipping,COGS,-875.56
2024-11-18,5200,COGS - Platform Fees,COGS,-807.78
2024-11-19,5200,COGS - Platform Fees,COGS,-946.38
2024-11-19,5100,COGS - Shipping,COGS,-909.28
2024-11-19,5000,COGS - Merchandise,COGS,-7589.79
2024-11-19,4000,Revenue,Revenue,14247.83
2024-11-20,5000,COGS - Merchandise,COGS,-9415.9
2024-11-20,4000,Revenue,Revenue,16878.25
2024-11-20,5100,COGS - Shipping,COGS,-977.13
2024-11-20,5200,COGS - Platform Fees,COGS,-1179.77
2024-11-21,4000,Revenue,Revenue,17801.61
2024-11-21,5000,COGS - Merchandise,COGS,-10176.38
2024-11-21,5100,COGS - Shipping,COGS,-929.06
2024-11-21,5200,COGS - Platform Fees,COGS,-1196.58
2024-11-22,5100,COGS - Shipping,COGS,-675.55
2024-11-22,4000,Revenue,Revenue,10355.82
2024-11-22,5000,COGS - Merchandise,COGS,-5443.44
2024-11-22,5200,COGS - Platform Fees,COGS,-710.01
2024-11-23,5100,COGS - Shipping,COGS,-961.96
2024-11-23,4000,Revenue,Revenue,16919.85
2024-11-23,5000,COGS - Merchandise,COGS,-9270.34
2024-11-23,5200,COGS - Platform Fees,COGS,-984.94
2024-11-24,4000,Revenue,Revenue,12471.94
2024-11-24,5200,COGS - Platform Fees,COGS,-863.28
2024-11-24,5100,COGS - Shipping,COGS,-778.47
2024-11-24,5000,COGS - Merchandise,COGS,-6630.04
2024-11-25,4000,Revenue,Revenue,9218.56
2024-11-25,5200,COGS - Platform Fees,COGS,-599.87
2024-11-25,5000,COGS - Merchandise,COGS,-4526.58
2024-11-25,5100,COGS - Shipping,COGS,-634.76
2024-11-26,4000,Revenue,Revenue,15510.89
2024-11-26,5000,COGS - Merchandise,COGS,-8052.75
2024-11-26,5100,COGS - Shipping,COGS,-977.87
2024-11-26,5200,COGS - Platform Fees,COGS,-1078.73
2024-11-27,5100,COGS - Shipping,COGS,-917.65
2024-11-27,4000,Revenue,Revenue,14866.28
2024-11-27,5200,COGS - Platform Fees,COGS,-949.23
2024-11-27,5000,COGS - Merchandise,COGS,-7684.26
2024-11-28,4000,Revenue,Revenue,18195.92
2024-11-28,5000,COGS - Merchandise,COGS,-9967.16
2024-11-28,5100,COGS - Shipping,COGS,-1056.43
2024-11-28,5200,COGS - Platform Fees,COGS,-1166.51
2024-11-29,5000,COGS - Merchandise,COGS,-8579.05
2024-11-29,5200,COGS - Platform Fees,COGS,-978.09
2024-11-29,5100,COGS - Shipping,COGS,-832.09
2024-11-29,4000,Revenue,Revenue,15450.29
2024-11-30,6200,OPEX - Rent,OPEX,-6528.03
2024-11-30,6100,OPEX - Salaries,OPEX,-38080.27
2024-11-30,6400,OPEX - Logistics Overhead,OPEX,-1965.08
2024-11-30,6300,OPEX - Utilities,OPEX,-1073.94
2024-11-30,6350,OPEX - Tools & SaaS,OPEX,-1040.88
2024-11-30,5100,COGS - Shipping,COGS,-861.68
2024-11-30,5200,COGS - Platform Fees,COGS,-1101.24
2024-11-30,5000,COGS - Merchandise,COGS,-8086.18
2024-11-30,4000,Revenue,Revenue,15049.21
2024-11-30,6000,OPEX - Advertising,OPEX,-32560.22
2024-11-30,8000,Taxes - Income/Turnover,Taxes,-34376.2
2024-12-01,5200,COGS - Platform Fees,COGS,-1172.8
2024-12-01,5100,COGS - Shipping,COGS,-1049.99
2024-12-01,5000,COGS - Merchandise,COGS,-10281.13
2024-12-01,4000,Revenue,Revenue,19056.61
2024-12-02,5100,COGS - Shipping,COGS,-937.73
2024-12-02,4000,Revenue,Revenue,16515.28
2024-12-02,5000,COGS - Merchandise,COGS,-8856.24
2024-12-02,5200,COGS - Platform Fees,COGS,-1029.36
2024-12-03,5100,COGS - Shipping,COGS,-1009.84
2024-12-03,4000,Revenue,Revenue,17565.95
2024-12-03,5000,COGS - Merchandise,COGS,-9515.45
2024-12-03,5200,COGS - Platform Fees,COGS,-1124.66
2024-12-04,4000,Revenue,Revenue,14791.32
2024-12-04,5000,COGS - Merchandise,COGS,-7959.46
2024-12-04,5100,COGS - Shipping,COGS,-889.93
2024-12-04,5200,COGS - Platform Fees,COGS,-1004.02
2024-12-05,5100,COGS - Shipping,COGS,-768.34
2024-12-05,5000,COGS - Merchandise,COGS,-7863.95
2024-12-05,4000,Revenue,Revenue,14155.78
2024-12-05,5200,COGS - Platform Fees,COGS,-977.76
2024-12-06,5200,COGS - Platform Fees,COGS,-1027.18
2024-12-06,5100,COGS - Shipping,COGS,-952.27
2024-12-06,5000,COGS - Merchandise,COGS,-8484.24
2024-12-06,4000,Revenue,Revenue,15754.07
2024-12-07,5200,COGS - Platform Fees,COGS,-1116.73
2024-12-07,5100,COGS - Shipping,COGS,-1051.32
2024-12-07,5000,COGS - Merchandise,COGS,-9838.02
2024-12-07,4000,Revenue,Revenue,18111.96
2024-12-08,5200,COGS - Platform Fees,COGS,-987.13
2024-12-08,4000,Revenue,Revenue,14919.5
2024-12-08,5000,COGS - Merchandise,COGS,-7932.63
2024-12-08,5100,COGS - Shipping,COGS,-971.09
2024-12-09,5200,COGS - Platform Fees,COGS,-774.14
2024-12-09,4000,Revenue,Revenue,11573.34
2024-12-09,5000,COGS - Merchandise,COGS,-6049.19
2024-12-09,5100,COGS - Shipping,COGS,-768.67
2024-12-10,4000,Revenue,Revenue,16493.46
2024-12-10,5000,COGS - Merchandise,COGS,-9082.92
2024-12-10,5100,COGS - Shipping,COGS,-962.4
2024-12-10,5200,COGS - Platform Fees,COGS,-1017.45
2024-12-11,4000,Revenue,Revenue,12205.84
2024-12-11,5000,COGS - Merchandise,COGS,-6744.46
2024-12-11,5100,COGS - Shipping,COGS,-686.95
2024-12-11,5200,COGS - Platform Fees,COGS,-782.18
2024-12-12,5200,COGS - Platform Fees,COGS,-1079.7
2024-12-12,5100,COGS - Shipping,COGS,-937.67
2024-12-12,5000,COGS - Merchandise,COGS,-9417.65
2024-12-12,4000,Revenue,Revenue,17116.71
2024-12-13,5200,COGS - Platform Fees,COGS,-1091.62
2024-12-13,5100,COGS - Shipping,COGS,-1008.82
2024-12-13,5000,COGS - Merchandise,COGS,-9130.92
2024-12-13,4000,Revenue,Revenue,16938.23
2024-12-14,5200,COGS - Platform Fees,COGS,-678.26
2024-12-14,5000,COGS - Merchandise,COGS,-5867.36
2024-12-14,4000,Revenue,Revenue,11073.49
2024-12-14,5100,COGS - Shipping,COGS,-720.91
2024-12-15,5000,COGS - Merchandise,COGS,-9774.33
2024-12-15,4000,Revenue,Revenue,18150.5
2024-12-15,5100,COGS - Shipping,COGS,-1055.53
2024-12-15,5200,COGS - Platform Fees,COGS,-1191.89
2024-12-16,5200,COGS - Platform Fees,COGS,-1008.49
2024-12-16,5100,COGS - Shipping,COGS,-896.61
2024-12-16,5000,COGS - Merchandise,COGS,-9033.99
2024-12-16,4000,Revenue,Revenue,16072.15
2024-12-17,5200,COGS - Platform Fees,COGS,-761.55
2024-12-17,5100,COGS - Shipping,COGS,-787.25
2024-12-17,5000,COGS - Merchandise,COGS,-6153.65
2024-12-17,4000,Revenue,Revenue,12125.84
2024-12-18,5100,COGS - Shipping,COGS,-959.33
2024-12-18,4000,Revenue,Revenue,18362.83
2024-12-18,5200,COGS - Platform Fees,COGS,-1182.26
2024-12-18,5000,COGS - Merchandise,COGS,-10413.17
2024-12-19,4000,Revenue,Revenue,14643.37
2024-12-19,5000,COGS - Merchandise,COGS,-7784.85
2024-12-19,5200,COGS - Platform Fees,COGS,-964.99
2024-12-19,5100,COGS - Shipping,COGS,-947.49
2024-12-20,5200,COGS - Platform Fees,COGS,-942.19
2024-12-20,5100,COGS - Shipping,COGS,-886.11
2024-12-20,5000,COGS - Merchandise,COGS,-9107.15
2024-12-20,4000,Revenue,Revenue,16243.61
2024-12-21,5200,COGS - Platform Fees,COGS,-1089.15
2024-12-21,5100,COGS - Shipping,COGS,-971.68
2024-12-21,5000,COGS - Merchandise,COGS,-9512.87
2024-12-21,4000,Revenue,Revenue,17472.0
2024-12-22,5000,COGS - Merchandise,COGS,-5668.5
2024-12-22,4000,Revenue,Revenue,11175.29
2024-12-22,5100,COGS - Shipping,COGS,-765.46
2024-12-22,5200,COGS - Platform Fees,COGS,-786.13
2024-12-23,5000,COGS - Merchandise,COGS,-10037.28
2024-12-23,4000,Revenue,Revenue,17469.22
2024-12-23,5100,COGS - Shipping,COGS,-861.14
2024-12-23,5200,COGS - Platform Fees,COGS,-1080.5
2024-12-24,4000,Revenue,Revenue,15171.8
2024-12-24,5000,COGS - Merchandise,COGS,-8467.48
2024-12-24,5100,COGS - Shipping,COGS,-813.45
2024-12-24,5200,COGS - Platform Fees,COGS,-989.71
2024-12-25,4000,Revenue,Revenue,18470.68
2024-12-25,5000,COGS - Merchandise,COGS,-10230.77
2024-12-25,5200,COGS - Platform Fees,COGS,-1106.7
2024-12-25,5100,COGS - Shipping,COGS,-1066.55
2024-12-26,5100,COGS - Shipping,COGS,-872.25
2024-12-26,4000,Revenue,Revenue,15206.1
2024-12-26,5000,COGS - Merchandise,COGS,-8381.65
2024-12-26,5200,COGS - Platform Fees,COGS,-867.68
2024-12-27,5200,COGS - Platform Fees,COGS,-1072.07
2024-12-27,5100,COGS - Shipping,COGS,-878.73
2024-12-27,5000,COGS - Merchandise,COGS,-9648.51
2024-12-27,4000,Revenue,Revenue,17190.21
2024-12-28,5200,COGS - Platform Fees,COGS,-1028.24
2024-12-28,4000,Revenue,Revenue,16360.69
2024-12-28,5000,COGS - Merchandise,COGS,-8933.38
2024-12-28,5100,COGS - Shipping,COGS,-932.26
2024-12-29,5200,COGS - Platform Fees,COGS,-1164.8
2024-12-29,5100,COGS - Shipping,COGS,-1092.47
2024-12-29,5000,COGS - Merchandise,COGS,-10738.22
2024-12-29,4000,Revenue,Revenue,19264.96
2024-12-30,5200,COGS - Platform Fees,COGS,-933.45
2024-12-30,5100,COGS - Shipping,COGS,-773.61
2024-12-30,5000,COGS - Merchandise,COGS,-7901.23
2024-12-30,4000,Revenue,Revenue,14050.23
2024-12-31,4000,Revenue,Revenue,15372.52
2024-12-31,8000,Taxes - Income/Turnover,Taxes,-35500.27
2024-12-31,6000,OPEX - Advertising,OPEX,-47723.78
2024-12-31,6100,OPEX - Salaries,OPEX,-39579.31
2024-12-31,6200,OPEX - Rent,OPEX,-6558.74
2024-12-31,6300,OPEX - Utilities,OPEX,-1368.75
2024-12-31,6350,OPEX - Tools & SaaS,OPEX,-776.55
2024-12-31,6400,OPEX - Logistics Overhead,OPEX,-1617.59
2024-12-31,5000,COGS - Merchandise,COGS,-8255.44
2024-12-31,5100,COGS - Shipping,COGS,-913.96
2024-12-31,5200,COGS - Platform Fees,COGS,-942.74
2025-01-01,4000,Revenue,Revenue,10019.62
2025-01-01,5000,COGS - Merchandise,COGS,-5496.26
2025-01-01,5100,COGS - Shipping,COGS,-588.91
2025-01-01,5200,COGS - Platform Fees,COGS,-623.31
2025-01-02,5200,COGS - Platform Fees,COGS,-891.64
2025-01-02,4000,Revenue,Revenue,13300.68
2025-01-02,5000,COGS - Merchandise,COGS,-7176.32
2025-01-02,5100,COGS - Shipping,COGS,-816.21
2025-01-03,4000,Revenue,Revenue,11011.07
2025-01-03,5000,COGS - Merchandise,COGS,-5976.9
2025-01-03,5100,COGS - Shipping,COGS,-646.69
2025-01-03,5200,COGS - Platform Fees,COGS,-801.36
2025-01-04,5000,COGS - Merchandise,COGS,-6842.89
2025-01-04,4000,Revenue,Revenue,12161.05
2025-01-04,5100,COGS - Shipping,COGS,-644.08
2025-01-04,5200,COGS - Platform Fees,COGS,-751.76
2025-01-05,5100,COGS - Shipping,COGS,-818.14
2025-01-05,5000,COGS - Merchandise,COGS,-7200.52
2025-01-05,5200,COGS - Platform Fees,COGS,-797.03
2025-01-05,4000,Revenue,Revenue,13354.11
2025-01-06,5000,COGS - Merchandise,COGS,-6454.55
2025-01-06,5200,COGS - Platform Fees,COGS,-768.62
2025-01-06,5100,COGS - Shipping,COGS,-674.88
2025-01-06,4000,Revenue,Revenue,11830.43
2025-01-07,5100,COGS - Shipping,COGS,-571.84
2025-01-07,5000,COGS - Merchandise,COGS,-5395.49
2025-01-07,4000,Revenue,Revenue,9957.17
2025-01-07,5200,COGS - Platform Fees,COGS,-684.67
2025-01-08,5200,COGS - Platform Fees,COGS,-709.85
2025-01-08,5100,COGS - Shipping,COGS,-684.51
2025-01-08,5000,COGS - Merchandise,COGS,-7007.12
2025-01-08,4000,Revenue,Revenue,12562.16
2025-01-09,5200,COGS - Platform Fees,COGS,-860.49
2025-01-09,5100,COGS - Shipping,COGS,-827.28
2025-01-09,5000,COGS - Merchandise,COGS,-7555.87
2025-01-09,4000,Revenue,Revenue,14078.72
2025-01-10,4000,Revenue,Revenue,10415.71
2025-01-10,5000,COGS - Merchandise,COGS,-5747.97
2025-01-10,5100,COGS - Shipping,COGS,-593.66
2025-01-10,5200,COGS - Platform Fees,COGS,-683.01
2025-01-11,4000,Revenue,Revenue,13732.3
2025-01-11,5200,COGS - Platform Fees,COGS,-851.26
2025-01-11,5100,COGS - Shipping,COGS,-817.11
2025-01-11,5000,COGS - Merchandise,COGS,-7465.26
2025-01-12,5000,COGS - Merchandise,COGS,-8417.99
2025-01-12,5200,COGS - Platform Fees,COGS,-957.99
2025-01-12,5100,COGS - Shipping,COGS,-790.48
2025-01-12,4000,Revenue,Revenue,15235.2
2025-01-13,5200,COGS - Platform Fees,COGS,-771.41
2025-01-13,5100,COGS - Shipping,COGS,-686.26
2025-01-13,5000,COGS - Merchandise,COGS,-6354.88
2025-01-13,4000,Revenue,Revenue,11832.24
2025-01-14,5200,COGS - Platform Fees,COGS,-627.06
2025-01-14,4000,Revenue,Revenue,8454.51
2025-01-14,5000,COGS - Merchandise,COGS,-4598.95
2025-01-14,5100,COGS - Shipping,COGS,-542.32
2025-01-15,4000,Revenue,Revenue,7598.59
2025-01-15,5100,COGS - Shipping,COGS,-529.53
2025-01-15,5000,COGS - Merchandise,COGS,-3946.88
2025-01-15,5200,COGS - Platform Fees,COGS,-463.77
2025-01-16,4000,Revenue,Revenue,10186.42
2025-01-16,5000,COGS - Merchandise,COGS,-5420.21
2025-01-16,5100,COGS - Shipping,COGS,-610.7
2025-01-16,5200,COGS - Platform Fees,COGS,-668.61
2025-01-17,5200,COGS - Platform Fees,COGS,-617.7
2025-01-17,5000,COGS - Merchandise,COGS,-5485.42
2025-01-17,5100,COGS - Shipping,COGS,-585.15
2025-01-17,4000,Revenue,Revenue,9909.04
2025-01-18,4000,Revenue,Revenue,10063.31
2025-01-18,5000,COGS - Merchandise,COGS,-5286.31
2025-01-18,5100,COGS - Shipping,COGS,-656.68
2025-01-18,5200,COGS - Platform Fees,COGS,-663.26
2025-01-19,4000,Revenue,Revenue,13614.95
2025-01-19,5200,COGS - Platform Fees,COGS,-887.05
2025-01-19,5100,COGS - Shipping,COGS,-801.29
2025-01-19,5000,COGS - Merchandise,COGS,-7322.21
2025-01-20,5000,COGS - Merchandise,COGS,-5000.8
2025-01-20,5100,COGS - Shipping,COGS,-610.18
2025-01-20,4000,Revenue,Revenue,9462.16
2025-01-20,5200,COGS - Platform Fees,COGS,-528.3
2025-01-21,4000,Revenue,Revenue,10414.23
2025-01-21,5000,COGS - Merchandise,COGS,-5599.09
2025-01-21,5100,COGS - Shipping,COGS,-621.68
2025-01-21,5200,COGS - Platform Fees,COGS,-615.93
2025-01-22,4000,Revenue,Revenue,7918.36
2025-01-22,5000,COGS - Merchandise,COGS,-4344.91
2025-01-22,5100,COGS - Shipping,COGS,-494.02
2025-01-22,5200,COGS - Platform Fees,COGS,-498.53
2025-01-23,4000,Revenue,Revenue,11931.65
2025-01-23,5000,COGS - Merchandise,COGS,-6469.17
2025-01-23,5200,COGS - Platform Fees,COGS,-852.23
2025-01-23,5100,COGS - Shipping,COGS,-705.99
2025-01-24,4000,Revenue,Revenue,10163.69
2025-01-24,5000,COGS - Merchandise,COGS,-5448.84
2025-01-24,5100,COGS - Shipping,COGS,-605.73
2025-01-24,5200,COGS - Platform Fees,COGS,-617.39
2025-01-25,5200,COGS - Platform Fees,COGS,-654.45
2025-01-25,4000,Revenue,Revenue,9788.97
2025-01-25,5000,COGS - Merchandise,COGS,-5325.72
2025-01-25,5100,COGS - Shipping,COGS,-638.11
2025-01-26,4000,Revenue,Revenue,10754.93
2025-01-26,5000,COGS - Merchandise,COGS,-5652.79
2025-01-26,5100,COGS - Shipping,COGS,-619.09
2025-01-26,5200,COGS - Platform Fees,COGS,-777.8
2025-01-27,4000,Revenue,Revenue,12479.88
2025-01-27,5000,COGS - Merchandise,COGS,-6924.03
2025-01-27,5100,COGS - Shipping,COGS,-686.54
2025-01-27,5200,COGS - Platform Fees,COGS,-807.88
2025-01-28,4000,Revenue,Revenue,13282.17
2025-01-28,5000,COGS - Merchandise,COGS,-7462.9
2025-01-28,5100,COGS - Shipping,COGS,-685.17
2025-01-28,5200,COGS - Platform Fees,COGS,-858.07
2025-01-29,5200,COGS - Platform Fees,COGS,-932.38
2025-01-29,5100,COGS - Shipping,COGS,-834.84
2025-01-29,4000,Revenue,Revenue,14492.7
2025-01-29,5000,COGS - Merchandise,COGS,-7984.41
2025-01-30,4000,Revenue,Revenue,12477.41
2025-01-30,5000,COGS - Merchandise,COGS,-6820.78
2025-01-30,5100,COGS - Shipping,COGS,-707.48
2025-01-30,5200,COGS - Platform Fees,COGS,-819.03
2025-01-31,8000,Taxes - Income/Turnover,Taxes,-27476.04
2025-01-31,6000,OPEX - Advertising,OPEX,-21934.94
2025-01-31,6100,OPEX - Salaries,OPEX,-37301.32
2025-01-31,6200,OPEX - Rent,OPEX,-6433.21
2025-01-31,6300,OPEX - Utilities,OPEX,-1108.54
2025-01-31,6350,OPEX - Tools & SaaS,OPEX,-998.62
2025-01-31,6400,OPEX - Logistics Overhead,OPEX,-1714.05
2025-01-31,5000,COGS - Merchandise,COGS,-6731.54
2025-01-31,4000,Revenue,Revenue,12398.72
2025-01-31,5100,COGS - Shipping,COGS,-726.52
2025-01-31,5200,COGS - Platform Fees,COGS,-817.7
2025-02-01,5000,COGS - Merchandise,COGS,-8235.15
2025-02-01,5200,COGS - Platform Fees,COGS,-916.6
2025-02-01,4000,Revenue,Revenue,14882.4
2025-02-01,5100,COGS - Shipping,COGS,-824.21
2025-02-02,4000,Revenue,Revenue,14067.83
2025-02-02,5000,COGS - Merchandise,COGS,-7747.52
2025-02-02,5100,COGS - Shipping,COGS,-824.22
2025-02-02,5200,COGS - Platform Fees,COGS,-894.15
2025-02-03,5000,COGS - Merchandise,COGS,-5903.97
2025-02-03,4000,Revenue,Revenue,11136.7
2025-02-03,5100,COGS - Shipping,COGS,-709.47
2025-02-03,5200,COGS - Platform Fees,COGS,-643.61
2025-02-04,4000,Revenue,Revenue,16411.2
2025-02-04,5000,COGS - Merchandise,COGS,-9086.47
2025-02-04,5100,COGS - Shipping,COGS,-840.58
2025-02-04,5200,COGS - Platform Fees,COGS,-1048.89
2025-02-05,5200,COGS - Platform Fees,COGS,-762.52
2025-02-05,4000,Revenue,Revenue,13810.18
2025-02-05,5000,COGS - Merchandise,COGS,-7674.9
2025-02-05,5100,COGS - Shipping,COGS,-805.79
2025-02-06,4000,Revenue,Revenue,15189.47
2025-02-06,5000,COGS - Merchandise,COGS,-8593.44
2025-02-06,5100,COGS - Shipping,COGS,-817.73
2025-02-06,5200,COGS - Platform Fees,COGS,-1113.99
2025-02-07,5100,COGS - Shipping,COGS,-793.21
2025-02-07,5200,COGS - Platform Fees,COGS,-978.6
2025-02-07,4000,Revenue,Revenue,14696.73
2025-02-07,5000,COGS - Merchandise,COGS,-8318.55
2025-02-08,4000,Revenue,Revenue,16496.1
2025-02-08,5000,COGS - Merchandise,COGS,-9222.86
2025-02-08,5100,COGS - Shipping,COGS,-853.45
2025-02-08,5200,COGS - Platform Fees,COGS,-1102.69
2025-02-09,4000,Revenue,Revenue,15519.56
2025-02-09,5000,COGS - Merchandise,COGS,-8609.08
2025-02-09,5100,COGS - Shipping,COGS,-788.8
2025-02-09,5200,COGS - Platform Fees,COGS,-913.61
2025-02-10,4000,Revenue,Revenue,13280.13
2025-02-10,5000,COGS - Merchandise,COGS,-7083.44
2025-02-10,5200,COGS - Platform Fees,COGS,-868.29
2025-02-10,5100,COGS - Shipping,COGS,-786.84
2025-02-11,4000,Revenue,Revenue,11537.24
2025-02-11,5000,COGS - Merchandise,COGS,-6055.44
2025-02-11,5100,COGS - Shipping,COGS,-747.05
2025-02-11,5200,COGS - Platform Fees,COGS,-656.67
2025-02-12,4000,Revenue,Revenue,15460.43
2025-02-12,5000,COGS - Merchandise,COGS,-8412.29
2025-02-12,5100,COGS - Shipping,COGS,-887.81
2025-02-12,5200,COGS - Platform Fees,COGS,-1001.9
2025-02-13,5100,COGS - Shipping,COGS,-598.46
2025-02-13,4000,Revenue,Revenue,9183.04
2025-02-13,5000,COGS - Merchandise,COGS,-4981.58
2025-02-13,5200,COGS - Platform Fees,COGS,-526.86
2025-02-14,4000,Revenue,Revenue,10967.1
2025-02-14,5000,COGS - Merchandise,COGS,-6237.24
2025-02-14,5100,COGS - Shipping,COGS,-603.96
2025-02-14,5200,COGS - Platform Fees,COGS,-706.61
2025-02-15,4000,Revenue,Revenue,12242.52
2025-02-15,5000,COGS - Merchandise,COGS,-6541.74
2025-02-15,5100,COGS - Shipping,COGS,-778.32
2025-02-15,5200,COGS - Platform Fees,COGS,-857.93
2025-02-16,4000,Revenue,Revenue,10322.31
2025-02-16,5200,COGS - Platform Fees,COGS,-588.28
2025-02-16,5100,COGS - Shipping,COGS,-590.87
2025-02-16,5000,COGS - Merchandise,COGS,-5465.48
2025-02-17,5000,COGS - Merchandise,COGS,-9655.71
2025-02-17,4000,Revenue,Revenue,17437.29
2025-02-17,5100,COGS - Shipping,COGS,-961.19
2025-02-17,5200,COGS - Platform Fees,COGS,-1227.57
2025-02-18,4000,Revenue,Revenue,12039.88
2025-02-18,5000,COGS - Merchandise,COGS,-6319.76
2025-02-18,5100,COGS - Shipping,COGS,-758.09
2025-02-18,5200,COGS - Platform Fees,COGS,-695.89
2025-02-19,4000,Revenue,Revenue,8759.44
2025-02-19,5000,COGS - Merchandise,COGS,-4495.05
2025-02-19,5200,COGS - Platform Fees,COGS,-525.93
2025-02-19,5100,COGS - Shipping,COGS,-558.51
2025-02-20,5100,COGS - Shipping,COGS,-659.29
2025-02-20,4000,Revenue,Revenue,11636.48
2025-02-20,5000,COGS - Merchandise,COGS,-6286.46
2025-02-20,5200,COGS - Platform Fees,COGS,-773.37
2025-02-21,4000,Revenue,Revenue,9100.29
2025-02-21,5000,COGS - Merchandise,COGS,-5005.15
2025-02-21,5100,COGS - Shipping,COGS,-570.43
2025-02-21,5200,COGS - Platform Fees,COGS,-567.82
2025-02-22,4000,Revenue,Revenue,13875.21
2025-02-22,5000,COGS - Merchandise,COGS,-7453.11
2025-02-22,5100,COGS - Shipping,COGS,-807.63
2025-02-22,5200,COGS - Platform Fees,COGS,-820.47
2025-02-23,5100,COGS - Shipping,COGS,-770.02
2025-02-23,5000,COGS - Merchandise,COGS,-6263.59
2025-02-23,5200,COGS - Platform Fees,COGS,-761.59
2025-02-23,4000,Revenue,Revenue,11883.32
2025-02-24,5100,COGS - Shipping,COGS,-808.89
2025-02-24,5000,COGS - Merchandise,COGS,-7755.32
2025-02-24,5200,COGS - Platform Fees,COGS,-935.88
2025-02-24,4000,Revenue,Revenue,14359.97
2025-02-25,5000,COGS - Merchandise,COGS,-7382.88
2025-02-25,5200,COGS - Platform Fees,COGS,-795.71
2025-02-25,5100,COGS - Shipping,COGS,-797.19
2025-02-25,4000,Revenue,Revenue,13293.64
2025-02-26,5200,COGS - Platform Fees,COGS,-700.23
2025-02-26,5100,COGS - Shipping,COGS,-661.56
2025-02-26,5000,COGS - Merchandise,COGS,-6048.96
2025-02-26,4000,Revenue,Revenue,10866.41
2025-02-27,5000,COGS - Merchandise,COGS,-7042.28
2025-02-27,5100,COGS - Shipping,COGS,-689.21
2025-02-27,5200,COGS - Platform Fees,COGS,-770.5
2025-02-27,4000,Revenue,Revenue,12528.11
2025-02-28,5200,COGS - Platform Fees,COGS,-574.49
2025-02-28,4000,Revenue,Revenue,9003.98
2025-02-28,5000,COGS - Merchandise,COGS,-4775.23
2025-02-28,6400,OPEX - Logistics Overhead,OPEX,-2092.13
2025-02-28,6350,OPEX - Tools & SaaS,OPEX,-772.37
2025-02-28,6300,OPEX - Utilities,OPEX,-1320.88
2025-02-28,6200,OPEX - Rent,OPEX,-6284.55
2025-02-28,6100,OPEX - Salaries,OPEX,-38170.78
2025-02-28,6000,OPEX - Advertising,OPEX,-25644.53
2025-02-28,5100,COGS - Shipping,COGS,-574.46
2025-02-28,8000,Taxes - Income/Turnover,Taxes,-27326.28
2025-03-01,5000,COGS - Merchandise,COGS,-7401.68
2025-03-01,5100,COGS - Shipping,COGS,-767.91
2025-03-01,5200,COGS - Platform Fees,COGS,-912.58
2025-03-01,4000,Revenue,Revenue,13625.8
2025-03-02,4000,Revenue,Revenue,9100.26
2025-03-02,5000,COGS - Merchandise,COGS,-5102.35
2025-03-02,5100,COGS - Shipping,COGS,-577.45
2025-03-02,5200,COGS - Platform Fees,COGS,-583.2
2025-03-03,4000,Revenue,Revenue,12165.94
2025-03-03,5000,COGS - Merchandise,COGS,-6409.22
2025-03-03,5100,COGS - Shipping,COGS,-757.92
2025-03-03,5200,COGS - Platform Fees,COGS,-794.99
2025-03-04,5000,COGS - Merchandise,COGS,-6860.34
2025-03-04,4000,Revenue,Revenue,12687.84
2025-03-04,5100,COGS - Shipping,COGS,-733.02
2025-03-04,5200,COGS - Platform Fees,COGS,-696.66
2025-03-05,4000,Revenue,Revenue,16156.85
2025-03-05,5000,COGS - Merchandise,COGS,-8998.29
2025-03-05,5100,COGS - Shipping,COGS,-945.05
2025-03-05,5200,COGS - Platform Fees,COGS,-983.51
2025-03-06,4000,Revenue,Revenue,8837.07
2025-03-06,5000,COGS - Merchandise,COGS,-4906.26
2025-03-06,5100,COGS - Shipping,COGS,-529.24
2025-03-06,5200,COGS - Platform Fees,COGS,-536.14
2025-03-07,5100,COGS - Shipping,COGS,-808.83
2025-03-07,5000,COGS - Merchandise,COGS,-7125.8
2025-03-07,5200,COGS - Platform Fees,COGS,-835.01
2025-03-07,4000,Revenue,Revenue,13192.12
2025-03-08,5200,COGS - Platform Fees,COGS,-1011.73
2025-03-08,5100,COGS - Shipping,COGS,-926.31
2025-03-08,5000,COGS - Merchandise,COGS,-8939.75
2025-03-08,4000,Revenue,Revenue,15961.96
2025-03-09,4000,Revenue,Revenue,11038.84
2025-03-09,5000,COGS - Merchandise,COGS,-5716.61
2025-03-09,5100,COGS - Shipping,COGS,-715.6
2025-03-09,5200,COGS - Platform Fees,COGS,-669.97
2025-03-10,4000,Revenue,Revenue,15285.74
2025-03-10,5000,COGS - Merchandise,COGS,-8341.71
2025-03-10,5100,COGS - Shipping,COGS,-857.91
2025-03-10,5200,COGS - Platform Fees,COGS,-930.04
2025-03-11,5100,COGS - Shipping,COGS,-790.56
2025-03-11,4000,Revenue,Revenue,14147.88
2025-03-11,5000,COGS - Merchandise,COGS,-7691.31
2025-03-11,5200,COGS - Platform Fees,COGS,-975.7
2025-03-12,4000,Revenue,Revenue,10979.9
2025-03-12,5000,COGS - Merchandise,COGS,-5992.72
2025-03-12,5100,COGS - Shipping,COGS,-651.25
2025-03-12,5200,COGS - Platform Fees,COGS,-718.9
2025-03-13,4000,Revenue,Revenue,11611.31
2025-03-13,5000,COGS - Merchandise,COGS,-6221.25
2025-03-13,5200,COGS - Platform Fees,COGS,-641.17
2025-03-13,5100,COGS - Shipping,COGS,-682.56
2025-03-14,4000,Revenue,Revenue,12567.98
2025-03-14,5000,COGS - Merchandise,COGS,-6675.54
2025-03-14,5100,COGS - Shipping,COGS,-746.63
2025-03-14,5200,COGS - Platform Fees,COGS,-806.36
2025-03-15,4000,Revenue,Revenue,11889.74
2025-03-15,5000,COGS - Merchandise,COGS,-6624.39
2025-03-15,5100,COGS - Shipping,COGS,-631.75
2025-03-15,5200,COGS - Platform Fees,COGS,-759.99
2025-03-16,4000,Revenue,Revenue,12853.44
2025-03-16,5000,COGS - Merchandise,COGS,-6985.56
2025-03-16,5100,COGS - Shipping,COGS,-758.02
2025-03-16,5200,COGS - Platform Fees,COGS,-736.69
2025-03-17,4000,Revenue,Revenue,11854.86
2025-03-17,5000,COGS - Merchandise,COGS,-6353.45
2025-03-17,5100,COGS - Shipping,COGS,-732.91
2025-03-17,5200,COGS - Platform Fees,COGS,-628.86
2025-03-18,4000,Revenue,Revenue,15531.01
2025-03-18,5000,COGS - Merchandise,COGS,-8622.11
2025-03-18,5100,COGS - Shipping,COGS,-843.32
2025-03-18,5200,COGS - Platform Fees,COGS,-996.17
2025-03-19,4000,Revenue,Revenue,9493.61
2025-03-19,5000,COGS - Merchandise,COGS,-4928.88
2025-03-19,5100,COGS - Shipping,COGS,-629.07
2025-03-19,5200,COGS - Platform Fees,COGS,-605.1
2025-03-20,5200,COGS - Platform Fees,COGS,-878.93
2025-03-20,4000,Revenue,Revenue,14089.84
2025-03-20,5000,COGS - Merchandise,COGS,-7709.23
2025-03-20,5100,COGS - Shipping,COGS,-772.1
2025-03-21,5200,COGS - Platform Fees,COGS,-897.5
2025-03-21,4000,Revenue,Revenue,13945.05
2025-03-21,5100,COGS - Shipping,COGS,-797.96
2025-03-21,5000,COGS - Merchandise,COGS,-7430.53
2025-03-22,4000,Revenue,Revenue,15044.76
2025-03-22,5000,COGS - Merchandise,COGS,-8213.68
2025-03-22,5100,COGS - Shipping,COGS,-891.79
2025-03-22,5200,COGS - Platform Fees,COGS,-967.85
2025-03-23,4000,Revenue,Revenue,14945.61
2025-03-23,5000,COGS - Merchandise,COGS,-8379.89
2025-03-23,5100,COGS - Shipping,COGS,-779.18
2025-03-23,5200,COGS - Platform Fees,COGS,-1100.2
2025-03-24,5200,COGS - Platform Fees,COGS,-1071.44
2025-03-24,5100,COGS - Shipping,COGS,-804.64
2025-03-24,5000,COGS - Merchandise,COGS,-8386.85
2025-03-24,4000,Revenue,Revenue,15053.26
2025-03-25,4000,Revenue,Revenue,12066.1
2025-03-25,5000,COGS - Merchandise,COGS,-6486.02
2025-03-25,5100,COGS - Shipping,COGS,-713.35
2025-03-25,5200,COGS - Platform Fees,COGS,-751.16
2025-03-26,5000,COGS - Merchandise,COGS,-8235.6
2025-03-26,5100,COGS - Shipping,COGS,-772.26
2025-03-26,5200,COGS - Platform Fees,COGS,-998.79
2025-03-26,4000,Revenue,Revenue,14782.74
2025-03-27,5000,COGS - Merchandise,COGS,-8324.32
2025-03-27,5100,COGS - Shipping,COGS,-950.81
2025-03-27,5200,COGS - Platform Fees,COGS,-986.28
2025-03-27,4000,Revenue,Revenue,15434.74
2025-03-28,4000,Revenue,Revenue,13741.54
2025-03-28,5000,COGS - Merchandise,COGS,-7631.96
2025-03-28,5100,COGS - Shipping,COGS,-775.64
2025-03-28,5200,COGS - Platform Fees,COGS,-813.9
2025-03-29,4000,Revenue,Revenue,12322.42
2025-03-29,5000,COGS - Merchandise,COGS,-6626.87
2025-03-29,5100,COGS - Shipping,COGS,-750.53
2025-03-29,5200,COGS - Platform Fees,COGS,-743.99
2025-03-30,5000,COGS - Merchandise,COGS,-7950.93
2025-03-30,5100,COGS - Shipping,COGS,-722.59
2025-03-30,4000,Revenue,Revenue,14016.7
2025-03-30,5200,COGS - Platform Fees,COGS,-1004.0
2025-03-31,8000,Taxes - Income/Turnover,Taxes,-25968.42
2025-03-31,6000,OPEX - Advertising,OPEX,-37094.51
2025-03-31,6100,OPEX - Salaries,OPEX,-36794.86
2025-03-31,6200,OPEX - Rent,OPEX,-6203.31
2025-03-31,6300,OPEX - Utilities,OPEX,-1326.18
2025-03-31,6350,OPEX - Tools & SaaS,OPEX,-962.06
2025-03-31,6400,OPEX - Logistics Overhead,OPEX,-1937.4
2025-03-31,5200,COGS - Platform Fees,COGS,-920.89
2025-03-31,5100,COGS - Shipping,COGS,-786.04
2025-03-31,5000,COGS - Merchandise,COGS,-7470.99
2025-03-31,4000,Revenue,Revenue,13701.3
2025-04-01,5100,COGS - Shipping,COGS,-663.15
2025-04-01,4000,Revenue,Revenue,11486.14
2025-04-01,5000,COGS - Merchandise,COGS,-6383.56
2025-04-01,5200,COGS - Platform Fees,COGS,-685.59
2025-04-02,4000,Revenue,Revenue,15880.52
2025-04-02,5000,COGS - Merchandise,COGS,-8879.0
2025-04-02,5100,COGS - Shipping,COGS,-833.43
2025-04-02,5200,COGS - Platform Fees,COGS,-941.23
2025-04-03,5000,COGS - Merchandise,COGS,-6103.36
2025-04-03,4000,Revenue,Revenue,11328.07
2025-04-03,5100,COGS - Shipping,COGS,-690.16
2025-04-03,5200,COGS - Platform Fees,COGS,-709.04
2025-04-04,4000,Revenue,Revenue,12241.12
2025-04-04,5000,COGS - Merchandise,COGS,-6682.64
2025-04-04,5100,COGS - Shipping,COGS,-729.61
2025-04-04,5200,COGS - Platform Fees,COGS,-803.32
2025-04-05,4000,Revenue,Revenue,11175.98
2025-04-05,5100,COGS - Shipping,COGS,-665.63
2025-04-05,5000,COGS - Merchandise,COGS,-6099.53
2025-04-05,5200,COGS - Platform Fees,COGS,-761.14
2025-04-06,4000,Revenue,Revenue,15617.66
2025-04-06,5000,COGS - Merchandise,COGS,-8883.89
2025-04-06,5100,COGS - Shipping,COGS,-805.24
2025-04-06,5200,COGS - Platform Fees,COGS,-953.13
2025-04-07,4000,Revenue,Revenue,10952.72
2025-04-07,5000,COGS - Merchandise,COGS,-5744.61
2025-04-07,5100,COGS - Shipping,COGS,-712.16
2025-04-07,5200,COGS - Platform Fees,COGS,-667.91
2025-04-08,5200,COGS - Platform Fees,COGS,-699.34
2025-04-08,5100,COGS - Shipping,COGS,-698.72
2025-04-08,4000,Revenue,Revenue,12178.99
2025-04-08,5000,COGS - Merchandise,COGS,-6693.12
2025-04-09,4000,Revenue,Revenue,12841.33
2025-04-09,5000,COGS - Merchandise,COGS,-6786.92
2025-04-09,5100,COGS - Shipping,COGS,-837.14
2025-04-09,5200,COGS - Platform Fees,COGS,-759.86
2025-04-10,5200,COGS - Platform Fees,COGS,-663.49
2025-04-10,4000,Revenue,Revenue,10756.93
2025-04-10,5000,COGS - Merchandise,COGS,-5674.28
2025-04-10,5100,COGS - Shipping,COGS,-696.32
2025-04-11,5200,COGS - Platform Fees,COGS,-785.73
2025-04-11,5000,COGS - Merchandise,COGS,-7086.3
2025-04-11,4000,Revenue,Revenue,12990.39
2025-04-11,5100,COGS - Shipping,COGS,-720.77
2025-04-12,5100,COGS - Shipping,COGS,-818.69
2025-04-12,5200,COGS - Platform Fees,COGS,-854.29
2025-04-12,4000,Revenue,Revenue,15143.74
2025-04-12,5000,COGS - Merchandise,COGS,-8567.26
2025-04-13,4000,Revenue,Revenue,16360.38
2025-04-13,5000,COGS - Merchandise,COGS,-9093.02
2025-04-13,5100,COGS - Shipping,COGS,-932.78
2025-04-13,5200,COGS - Platform Fees,COGS,-1033.67
2025-04-14,5000,COGS - Merchandise,COGS,-8903.29
2025-04-14,5100,COGS - Shipping,COGS,-835.82
2025-04-14,5200,COGS - Platform Fees,COGS,-1002.57
2025-04-14,4000,Revenue,Revenue,16037.49
2025-04-15,4000,Revenue,Revenue,11306.29
2025-04-15,5000,COGS - Merchandise,COGS,-6095.59
2025-04-15,5100,COGS - Shipping,COGS,-683.23
2025-04-15,5200,COGS - Platform Fees,COGS,-689.7
2025-04-16,4000,Revenue,Revenue,13727.26
2025-04-16,5200,COGS - Platform Fees,COGS,-833.52
2025-04-16,5100,COGS - Shipping,COGS,-737.35
2025-04-16,5000,COGS - Merchandise,COGS,-7685.02
2025-04-17,5100,COGS - Shipping,COGS,-714.77
2025-04-17,5200,COGS - Platform Fees,COGS,-780.28
2025-04-17,4000,Revenue,Revenue,11847.36
2025-04-17,5000,COGS - Merchandise,COGS,-6467.97
2025-04-18,4000,Revenue,Revenue,11062.1
2025-04-18,5000,COGS - Merchandise,COGS,-5858.84
2025-04-18,5100,COGS - Shipping,COGS,-665.55
2025-04-18,5200,COGS - Platform Fees,COGS,-708.6
2025-04-19,5000,COGS - Merchandise,COGS,-8631.97
2025-04-19,5100,COGS - Shipping,COGS,-955.94
2025-04-19,5200,COGS - Platform Fees,COGS,-972.72
2025-04-19,4000,Revenue,Revenue,15512.7
2025-04-20,4000,Revenue,Revenue,11041.9
2025-04-20,5000,COGS - Merchandise,COGS,-6150.58
2025-04-20,5100,COGS - Shipping,COGS,-591.39
2025-04-20,5200,COGS - Platform Fees,COGS,-853.7
2025-04-21,5200,COGS - Platform Fees,COGS,-914.83
2025-04-21,5100,COGS - Shipping,COGS,-763.48
2025-04-21,4000,Revenue,Revenue,14458.96
2025-04-21,5000,COGS - Merchandise,COGS,-8260.22
2025-04-22,5000,COGS - Merchandise,COGS,-7658.9
2025-04-22,5100,COGS - Shipping,COGS,-850.32
2025-04-22,5200,COGS - Platform Fees,COGS,-960.29
2025-04-22,4000,Revenue,Revenue,14181.2
2025-04-23,5000,COGS - Merchandise,COGS,-6778.72
2025-04-23,5200,COGS - Platform Fees,COGS,-878.79
2025-04-23,4000,Revenue,Revenue,12185.19
2025-04-23,5100,COGS - Shipping,COGS,-681.83
2025-04-24,4000,Revenue,Revenue,12029.28
2025-04-24,5000,COGS - Merchandise,COGS,-6847.22
2025-04-24,5100,COGS - Shipping,COGS,-632.11
2025-04-24,5200,COGS - Platform Fees,COGS,-864.34
2025-04-25,5100,COGS - Shipping,COGS,-592.08
2025-04-25,5000,COGS - Merchandise,COGS,-5290.39
2025-04-25,4000,Revenue,Revenue,9759.6
2025-04-25,5200,COGS - Platform Fees,COGS,-636.12
2025-04-26,4000,Revenue,Revenue,12922.38
2025-04-26,5000,COGS - Merchandise,COGS,-6763.73
2025-04-26,5100,COGS - Shipping,COGS,-784.25
2025-04-26,5200,COGS - Platform Fees,COGS,-744.55
2025-04-27,4000,Revenue,Revenue,13320.24
2025-04-27,5000,COGS - Merchandise,COGS,-7378.33
2025-04-27,5200,COGS - Platform Fees,COGS,-813.88
2025-04-27,5100,COGS - Shipping,COGS,-772.53
2025-04-28,5100,COGS - Shipping,COGS,-821.63
2025-04-28,4000,Revenue,Revenue,13634.48
2025-04-28,5000,COGS - Merchandise,COGS,-7244.2
2025-04-28,5200,COGS - Platform Fees,COGS,-893.78
2025-04-29,5000,COGS - Merchandise,COGS,-6036.24
2025-04-29,5100,COGS - Shipping,COGS,-695.6
2025-04-29,5200,COGS - Platform Fees,COGS,-720.46
2025-04-29,4000,Revenue,Revenue,11263.93
2025-04-30,4000,Revenue,Revenue,11641.95
2025-04-30,5000,COGS - Merchandise,COGS,-6546.2
2025-04-30,6000,OPEX - Advertising,OPEX,-34967.23
2025-04-30,6200,OPEX - Rent,OPEX,-6415.08
2025-04-30,6300,OPEX - Utilities,OPEX,-1046.35
2025-04-30,6350,OPEX - Tools & SaaS,OPEX,-1008.93
2025-04-30,6400,OPEX - Logistics Overhead,OPEX,-1873.98
2025-04-30,5100,COGS - Shipping,COGS,-625.07
2025-04-30,5200,COGS - Platform Fees,COGS,-736.66
2025-04-30,8000,Taxes - Income/Turnover,Taxes,-29680.47
2025-04-30,6100,OPEX - Salaries,OPEX,-36296.18
2025-05-01,5200,COGS - Platform Fees,COGS,-660.49
2025-05-01,4000,Revenue,Revenue,12350.92
2025-05-01,5000,COGS - Merchandise,COGS,-6811.73
2025-05-01,5100,COGS - Shipping,COGS,-704.37
2025-05-02,5000,COGS - Merchandise,COGS,-6332.04
2025-05-02,4000,Revenue,Revenue,11586.91
2025-05-02,5100,COGS - Shipping,COGS,-615.08
2025-05-02,5200,COGS - Platform Fees,COGS,-647.95
2025-05-03,5100,COGS - Shipping,COGS,-692.12
2025-05-03,5000,COGS - Merchandise,COGS,-5711.17
2025-05-03,5200,COGS - Platform Fees,COGS,-650.63
2025-05-03,4000,Revenue,Revenue,10660.27
2025-05-04,5100,COGS - Shipping,COGS,-697.73
2025-05-04,5200,COGS - Platform Fees,COGS,-725.13
2025-05-04,4000,Revenue,Revenue,11894.88
2025-05-04,5000,COGS - Merchandise,COGS,-6533.86
2025-05-05,4000,Revenue,Revenue,13390.73
2025-05-05,5000,COGS - Merchandise,COGS,-7404.74
2025-05-05,5100,COGS - Shipping,COGS,-732.82
2025-05-05,5200,COGS - Platform Fees,COGS,-776.19
2025-05-06,5200,COGS - Platform Fees,COGS,-819.88
2025-05-06,4000,Revenue,Revenue,11589.51
2025-05-06,5100,COGS - Shipping,COGS,-748.93
2025-05-06,5000,COGS - Merchandise,COGS,-6071.12
2025-05-07,4000,Revenue,Revenue,11932.28
2025-05-07,5000,COGS - Merchandise,COGS,-6565.7
2025-05-07,5100,COGS - Shipping,COGS,-697.93
2025-05-07,5200,COGS - Platform Fees,COGS,-636.28
2025-05-08,4000,Revenue,Revenue,10673.9
2025-05-08,5000,COGS - Merchandise,COGS,-6175.87
2025-05-08,5100,COGS - Shipping,COGS,-570.11
2025-05-08,5200,COGS - Platform Fees,COGS,-665.61
2025-05-09,5000,COGS - Merchandise,COGS,-5897.23
2025-05-09,4000,Revenue,Revenue,10836.82
2025-05-09,5200,COGS - Platform Fees,COGS,-663.36
2025-05-09,5100,COGS - Shipping,COGS,-683.06
2025-05-10,4000,Revenue,Revenue,13713.78
2025-05-10,5000,COGS - Merchandise,COGS,-7283.77
2025-05-10,5100,COGS - Shipping,COGS,-816.32
2025-05-10,5200,COGS - Platform Fees,COGS,-945.79
2025-05-11,5200,COGS - Platform Fees,COGS,-620.31
2025-05-11,5000,COGS - Merchandise,COGS,-5975.2
2025-05-11,4000,Revenue,Revenue,10939.85
2025-05-11,5100,COGS - Shipping,COGS,-605.83
2025-05-12,5000,COGS - Merchandise,COGS,-6316.2
2025-05-12,5100,COGS - Shipping,COGS,-692.43
2025-05-12,5200,COGS - Platform Fees,COGS,-688.22
2025-05-12,4000,Revenue,Revenue,11766.43
2025-05-13,4000,Revenue,Revenue,13563.23
2025-05-13,5000,COGS - Merchandise,COGS,-7580.6
2025-05-13,5100,COGS - Shipping,COGS,-759.96
2025-05-13,5200,COGS - Platform Fees,COGS,-705.73
2025-05-14,5100,COGS - Shipping,COGS,-782.87
2025-05-14,4000,Revenue,Revenue,12418.98
2025-05-14,5200,COGS - Platform Fees,COGS,-728.22
2025-05-14,5000,COGS - Merchandise,COGS,-6732.35
2025-05-15,4000,Revenue,Revenue,11236.06
2025-05-15,5000,COGS - Merchandise,COGS,-6024.59
2025-05-15,5100,COGS - Shipping,COGS,-651.83
2025-05-15,5200,COGS - Platform Fees,COGS,-619.4
2025-05-16,4000,Revenue,Revenue,12586.94
2025-05-16,5000,COGS - Merchandise,COGS,-6818.5
2025-05-16,5100,COGS - Shipping,COGS,-726.85
2025-05-16,5200,COGS - Platform Fees,COGS,-802.65
2025-05-17,5200,COGS - Platform Fees,COGS,-830.12
2025-05-17,4000,Revenue,Revenue,12061.84
2025-05-17,5000,COGS - Merchandise,COGS,-6596.74
2025-05-17,5100,COGS - Shipping,COGS,-646.98
2025-05-18,5000,COGS - Merchandise,COGS,-6007.96
2025-05-18,5100,COGS - Shipping,COGS,-636.62
2025-05-18,5200,COGS - Platform Fees,COGS,-681.55
2025-05-18,4000,Revenue,Revenue,10918.1
2025-05-19,5200,COGS - Platform Fees,COGS,-856.16
2025-05-19,4000,Revenue,Revenue,13741.88
2025-05-19,5000,COGS - Merchandise,COGS,-7583.89
2025-05-19,5100,COGS - Shipping,COGS,-798.98
2025-05-20,4000,Revenue,Revenue,12162.86
2025-05-20,5000,COGS - Merchandise,COGS,-6705.03
2025-05-20,5100,COGS - Shipping,COGS,-667.87
2025-05-20,5200,COGS - Platform Fees,COGS,-801.39
2025-05-21,4000,Revenue,Revenue,13294.25
2025-05-21,5000,COGS - Merchandise,COGS,-7016.16
2025-05-21,5100,COGS - Shipping,COGS,-807.82
2025-05-21,5200,COGS - Platform Fees,COGS,-766.11
2025-05-22,5000,COGS - Merchandise,COGS,-5199.3
2025-05-22,4000,Revenue,Revenue,9789.03
2025-05-22,5200,COGS - Platform Fees,COGS,-569.06
2025-05-22,5100,COGS - Shipping,COGS,-642.56
2025-05-23,5200,COGS - Platform Fees,COGS,-872.17
2025-05-23,5100,COGS - Shipping,COGS,-804.79
2025-05-23,4000,Revenue,Revenue,13530.83
2025-05-23,5000,COGS - Merchandise,COGS,-7274.93
2025-05-24,4000,Revenue,Revenue,12778.17
2025-05-24,5000,COGS - Merchandise,COGS,-6950.72
2025-05-24,5100,COGS - Shipping,COGS,-776.01
2025-05-24,5200,COGS - Platform Fees,COGS,-765.45
2025-05-25,5000,COGS - Merchandise,COGS,-6851.82
2025-05-25,5100,COGS - Shipping,COGS,-851.63
2025-05-25,5200,COGS - Platform Fees,COGS,-827.8
2025-05-25,4000,Revenue,Revenue,12947.22
2025-05-26,4000,Revenue,Revenue,11942.82
2025-05-26,5000,COGS - Merchandise,COGS,-6145.51
2025-05-26,5100,COGS - Shipping,COGS,-795.35
2025-05-26,5200,COGS - Platform Fees,COGS,-713.63
2025-05-27,5100,COGS - Shipping,COGS,-860.65
2025-05-27,4000,Revenue,Revenue,14723.97
2025-05-27,5200,COGS - Platform Fees,COGS,-937.41
2025-05-27,5000,COGS - Merchandise,COGS,-8022.4
2025-05-28,5200,COGS - Platform Fees,COGS,-608.02
2025-05-28,5000,COGS - Merchandise,COGS,-5144.78
2025-05-28,4000,Revenue,Revenue,9533.38
2025-05-28,5100,COGS - Shipping,COGS,-606.12
2025-05-29,5200,COGS - Platform Fees,COGS,-658.62
2025-05-29,5100,COGS - Shipping,COGS,-607.04
2025-05-29,5000,COGS - Merchandise,COGS,-4978.61
2025-05-29,4000,Revenue,Revenue,9591.56
2025-05-30,5100,COGS - Shipping,COGS,-555.96
2025-05-30,4000,Revenue,Revenue,9797.61
2025-05-30,5000,COGS - Merchandise,COGS,-5381.75
2025-05-30,5200,COGS - Platform Fees,COGS,-669.03
2025-05-31,5200,COGS - Platform Fees,COGS,-721.27
2025-05-31,8000,Taxes - Income/Turnover,Taxes,-26332.47
2025-05-31,4000,Revenue,Revenue,9764.99
2025-05-31,5000,COGS - Merchandise,COGS,-5155.56
2025-05-31,6400,OPEX - Logistics Overhead,OPEX,-1882.53
2025-05-31,6350,OPEX - Tools & SaaS,OPEX,-968.88
2025-05-31,6300,OPEX - Utilities,OPEX,-1130.07
2025-05-31,6200,OPEX - Rent,OPEX,-6386.59
2025-05-31,6100,OPEX - Salaries,OPEX,-36254.23
2025-05-31,6000,OPEX - Advertising,OPEX,-26930.31
2025-05-31,5100,COGS - Shipping,COGS,-601.03
2025-06-01,5200,COGS - Platform Fees,COGS,-824.95
2025-06-01,5100,COGS - Shipping,COGS,-820.65
2025-06-01,4000,Revenue,Revenue,14196.31
2025-06-01,5000,COGS - Merchandise,COGS,-7898.61
2025-06-02,4000,Revenue,Revenue,8619.11
2025-06-02,5000,COGS - Merchandise,COGS,-4622.21
2025-06-02,5100,COGS - Shipping,COGS,-533.61
2025-06-02,5200,COGS - Platform Fees,COGS,-615.36
2025-06-03,4000,Revenue,Revenue,12512.3
2025-06-03,5000,COGS - Merchandise,COGS,-6720.8
2025-06-03,5100,COGS - Shipping,COGS,-715.68
2025-06-03,5200,COGS - Platform Fees,COGS,-740.18
2025-06-04,5200,COGS - Platform Fees,COGS,-1002.98
2025-06-04,5000,COGS - Merchandise,COGS,-8837.77
2025-06-04,4000,Revenue,Revenue,16165.93
2025-06-04,5100,COGS - Shipping,COGS,-923.58
2025-06-05,5000,COGS - Merchandise,COGS,-5459.33
2025-06-05,4000,Revenue,Revenue,10209.96
2025-06-05,5200,COGS - Platform Fees,COGS,-517.37
2025-06-05,5100,COGS - Shipping,COGS,-617.26
2025-06-06,4000,Revenue,Revenue,11558.38
2025-06-06,5000,COGS - Merchandise,COGS,-6059.13
2025-06-06,5100,COGS - Shipping,COGS,-721.84
2025-06-06,5200,COGS - Platform Fees,COGS,-681.78
2025-06-07,4000,Revenue,Revenue,12484.07
2025-06-07,5000,COGS - Merchandise,COGS,-6892.96
2025-06-07,5100,COGS - Shipping,COGS,-736.93
2025-06-07,5200,COGS - Platform Fees,COGS,-837.57
2025-06-08,4000,Revenue,Revenue,15482.6
2025-06-08,5000,COGS - Merchandise,COGS,-8492.85
2025-06-08,5100,COGS - Shipping,COGS,-882.9
2025-06-08,5200,COGS - Platform Fees,COGS,-949.82
2025-06-09,5100,COGS - Shipping,COGS,-708.75
2025-06-09,5200,COGS - Platform Fees,COGS,-693.87
2025-06-09,4000,Revenue,Revenue,10728.74
2025-06-09,5000,COGS - Merchandise,COGS,-5553.72
2025-06-10,4000,Revenue,Revenue,13368.17
2025-06-10,5000,COGS - Merchandise,COGS,-7635.05
2025-06-10,5100,COGS - Shipping,COGS,-723.38
2025-06-10,5200,COGS - Platform Fees,COGS,-830.63
2025-06-11,5200,COGS - Platform Fees,COGS,-615.37
2025-06-11,5100,COGS - Shipping,COGS,-646.41
2025-06-11,4000,Revenue,Revenue,9839.5
2025-06-11,5000,COGS - Merchandise,COGS,-5221.3
2025-06-12,5200,COGS - Platform Fees,COGS,-718.82
2025-06-12,5100,COGS - Shipping,COGS,-677.79
2025-06-12,5000,COGS - Merchandise,COGS,-6100.16
2025-06-12,4000,Revenue,Revenue,11324.9
2025-06-13,5000,COGS - Merchandise,COGS,-6198.47
2025-06-13,4000,Revenue,Revenue,11225.93
2025-06-13,5200,COGS - Platform Fees,COGS,-825.76
2025-06-13,5100,COGS - Shipping,COGS,-641.13
2025-06-14,4000,Revenue,Revenue,12229.8
2025-06-14,5000,COGS - Merchandise,COGS,-6525.4
2025-06-14,5100,COGS - Shipping,COGS,-748.37
2025-06-14,5200,COGS - Platform Fees,COGS,-827.38
2025-06-15,4000,Revenue,Revenue,12368.22
2025-06-15,5000,COGS - Merchandise,COGS,-6869.28
2025-06-15,5100,COGS - Shipping,COGS,-677.85
2025-06-15,5200,COGS - Platform Fees,COGS,-827.39
2025-06-16,5100,COGS - Shipping,COGS,-863.49
2025-06-16,4000,Revenue,Revenue,13793.91
2025-06-16,5000,COGS - Merchandise,COGS,-7580.28
2025-06-16,5200,COGS - Platform Fees,COGS,-806.41
2025-06-17,5200,COGS - Platform Fees,COGS,-724.32
2025-06-17,5000,COGS - Merchandise,COGS,-6170.18
2025-06-17,5100,COGS - Shipping,COGS,-713.41
2025-06-17,4000,Revenue,Revenue,11465.84
2025-06-18,5200,COGS - Platform Fees,COGS,-753.38
2025-06-18,4000,Revenue,Revenue,10638.41
2025-06-18,5000,COGS - Merchandise,COGS,-5551.56
2025-06-18,5100,COGS - Shipping,COGS,-672.9
2025-06-19,5200,COGS - Platform Fees,COGS,-799.33
2025-06-19,5000,COGS - Merchandise,COGS,-6773.81
2025-06-19,5100,COGS - Shipping,COGS,-713.39
2025-06-19,4000,Revenue,Revenue,12372.31
2025-06-20,4000,Revenue,Revenue,13485.37
2025-06-20,5000,COGS - Merchandise,COGS,-7495.97
2025-06-20,5100,COGS - Shipping,COGS,-744.93
2025-06-20,5200,COGS - Platform Fees,COGS,-823.35
2025-06-21,5200,COGS - Platform Fees,COGS,-793.2
2025-06-21,5100,COGS - Shipping,COGS,-727.09
2025-06-21,4000,Revenue,Revenue,12945.48
2025-06-21,5000,COGS - Merchandise,COGS,-7258.41
2025-06-22,4000,Revenue,Revenue,14289.16
2025-06-22,5000,COGS - Merchandise,COGS,-7699.8
2025-06-22,5100,COGS - Shipping,COGS,-812.52
2025-06-22,5200,COGS - Platform Fees,COGS,-899.04
2025-06-23,4000,Revenue,Revenue,11045.14
2025-06-23,5000,COGS - Merchandise,COGS,-5759.69
2025-06-23,5100,COGS - Shipping,COGS,-695.02
2025-06-23,5200,COGS - Platform Fees,COGS,-733.73
2025-06-24,5200,COGS - Platform Fees,COGS,-662.34
2025-06-24,5100,COGS - Shipping,COGS,-651.44
2025-06-24,5000,COGS - Merchandise,COGS,-5880.91
2025-06-24,4000,Revenue,Revenue,10883.47
2025-06-25,4000,Revenue,Revenue,13767.63
2025-06-25,5000,COGS - Merchandise,COGS,-7421.8
2025-06-25,5100,COGS - Shipping,COGS,-821.36
2025-06-25,5200,COGS - Platform Fees,COGS,-848.38
2025-06-26,4000,Revenue,Revenue,13752.61
2025-06-26,5000,COGS - Merchandise,COGS,-7607.28
2025-06-26,5100,COGS - Shipping,COGS,-756.2
2025-06-26,5200,COGS - Platform Fees,COGS,-747.4
2025-06-27,5100,COGS - Shipping,COGS,-700.83
2025-06-27,5200,COGS - Platform Fees,COGS,-702.53
2025-06-27,4000,Revenue,Revenue,11390.14
2025-06-27,5000,COGS - Merchandise,COGS,-6411.93
2025-06-28,4000,Revenue,Revenue,18694.47
2025-06-28,5000,COGS - Merchandise,COGS,-10418.16
2025-06-28,5100,COGS - Shipping,COGS,-964.7
2025-06-28,5200,COGS - Platform Fees,COGS,-1095.1
2025-06-29,4000,Revenue,Revenue,13246.21
2025-06-29,5000,COGS - Merchandise,COGS,-7396.99
2025-06-29,5100,COGS - Shipping,COGS,-712.25
2025-06-29,5200,COGS - Platform Fees,COGS,-726.04
2025-06-30,6200,OPEX - Rent,OPEX,-6271.76
2025-06-30,6350,OPEX - Tools & SaaS,OPEX,-978.24
2025-06-30,6300,OPEX - Utilities,OPEX,-1285.3
2025-06-30,6100,OPEX - Salaries,OPEX,-37888.86
2025-06-30,6000,OPEX - Advertising,OPEX,-36011.08
2025-06-30,6400,OPEX - Logistics Overhead,OPEX,-1836.77
2025-06-30,8000,Taxes - Income/Turnover,Taxes,-28741.5
2025-06-30,4000,Revenue,Revenue,13040.7
2025-06-30,5000,COGS - Merchandise,COGS,-7236.82
2025-06-30,5100,COGS - Shipping,COGS,-745.4
2025-06-30,5200,COGS - Platform Fees,COGS,-866.41
2025-07-01,5100,COGS - Shipping,COGS,-669.85
2025-07-01,5200,COGS - Platform Fees,COGS,-733.71
2025-07-01,4000,Revenue,Revenue,11102.0
2025-07-01,5000,COGS - Merchandise,COGS,-5954.44
2025-07-02,5000,COGS - Merchandise,COGS,-6303.23
2025-07-02,5200,COGS - Platform Fees,COGS,-725.27
2025-07-02,5100,COGS - Shipping,COGS,-748.95
2025-07-02,4000,Revenue,Revenue,11763.76
2025-07-03,5000,COGS - Merchandise,COGS,-6494.27
2025-07-03,4000,Revenue,Revenue,12117.56
2025-07-03,5100,COGS - Shipping,COGS,-751.63
2025-07-03,5200,COGS - Platform Fees,COGS,-779.0
2025-07-04,4000,Revenue,Revenue,12907.01
2025-07-04,5000,COGS - Merchandise,COGS,-6991.82
2025-07-04,5100,COGS - Shipping,COGS,-777.47
2025-07-04,5200,COGS - Platform Fees,COGS,-1014.09
2025-07-05,5200,COGS - Platform Fees,COGS,-998.3
2025-07-05,4000,Revenue,Revenue,14386.99
2025-07-05,5000,COGS - Merchandise,COGS,-8073.72
2025-07-05,5100,COGS - Shipping,COGS,-761.41
2025-07-06,5200,COGS - Platform Fees,COGS,-547.08
2025-07-06,5100,COGS - Shipping,COGS,-667.13
2025-07-06,4000,Revenue,Revenue,9467.48
2025-07-06,5000,COGS - Merchandise,COGS,-4921.01
2025-07-07,5200,COGS - Platform Fees,COGS,-607.45
2025-07-07,4000,Revenue,Revenue,9858.05
2025-07-07,5000,COGS - Merchandise,COGS,-5478.16
2025-07-07,5100,COGS - Shipping,COGS,-583.54
2025-07-08,5100,COGS - Shipping,COGS,-637.27
2025-07-08,5200,COGS - Platform Fees,COGS,-635.65
2025-07-08,5000,COGS - Merchandise,COGS,-5460.31
2025-07-08,4000,Revenue,Revenue,10458.56
2025-07-09,5200,COGS - Platform Fees,COGS,-892.44
2025-07-09,5100,COGS - Shipping,COGS,-791.07
2025-07-09,5000,COGS - Merchandise,COGS,-7042.4
2025-07-09,4000,Revenue,Revenue,13022.6
2025-07-10,5000,COGS - Merchandise,COGS,-4687.33
2025-07-10,5100,COGS - Shipping,COGS,-602.8
2025-07-10,5200,COGS - Platform Fees,COGS,-567.07
2025-07-10,4000,Revenue,Revenue,9141.24
2025-07-11,5200,COGS - Platform Fees,COGS,-722.87
2025-07-11,4000,Revenue,Revenue,12476.76
2025-07-11,5000,COGS - Merchandise,COGS,-7067.45
2025-07-11,5100,COGS - Shipping,COGS,-675.67
2025-07-12,5100,COGS - Shipping,COGS,-795.05
2025-07-12,5000,COGS - Merchandise,COGS,-7618.91
2025-07-12,5200,COGS - Platform Fees,COGS,-791.08
2025-07-12,4000,Revenue,Revenue,13751.64
2025-07-13,4000,Revenue,Revenue,10828.19
2025-07-13,5000,COGS - Merchandise,COGS,-5707.69
2025-07-13,5100,COGS - Shipping,COGS,-713.3
2025-07-13,5200,COGS - Platform Fees,COGS,-609.86
2025-07-14,5100,COGS - Shipping,COGS,-658.14
2025-07-14,5200,COGS - Platform Fees,COGS,-654.94
2025-07-14,4000,Revenue,Revenue,11047.14
2025-07-14,5000,COGS - Merchandise,COGS,-6040.96
2025-07-15,4000,Revenue,Revenue,16244.54
2025-07-15,5000,COGS - Merchandise,COGS,-9022.89
2025-07-15,5100,COGS - Shipping,COGS,-886.05
2025-07-15,5200,COGS - Platform Fees,COGS,-1035.2
2025-07-16,5200,COGS - Platform Fees,COGS,-717.73
2025-07-16,4000,Revenue,Revenue,11869.76
2025-07-16,5000,COGS - Merchandise,COGS,-6580.27
2025-07-16,5100,COGS - Shipping,COGS,-694.31
2025-07-17,4000,Revenue,Revenue,13044.33
2025-07-17,5200,COGS - Platform Fees,COGS,-824.4
2025-07-17,5100,COGS - Shipping,COGS,-793.92
2025-07-17,5000,COGS - Merchandise,COGS,-7095.37
2025-07-18,4000,Revenue,Revenue,12307.74
2025-07-18,5000,COGS - Merchandise,COGS,-6880.28
2025-07-18,5100,COGS - Shipping,COGS,-665.49
2025-07-18,5200,COGS - Platform Fees,COGS,-725.84
2025-07-19,5100,COGS - Shipping,COGS,-770.71
2025-07-19,5200,COGS - Platform Fees,COGS,-843.78
2025-07-19,4000,Revenue,Revenue,12841.98
2025-07-19,5000,COGS - Merchandise,COGS,-7019.25
2025-07-20,4000,Revenue,Revenue,14429.1
2025-07-20,5000,COGS - Merchandise,COGS,-7738.36
2025-07-20,5100,COGS - Shipping,COGS,-818.77
2025-07-20,5200,COGS - Platform Fees,COGS,-908.83
2025-07-21,4000,Revenue,Revenue,11102.21
2025-07-21,5000,COGS - Merchandise,COGS,-6047.63
2025-07-21,5100,COGS - Shipping,COGS,-674.49
2025-07-21,5200,COGS - Platform Fees,COGS,-725.84
2025-07-22,5000,COGS - Merchandise,COGS,-5969.16
2025-07-22,4000,Revenue,Revenue,10875.99
2025-07-22,5100,COGS - Shipping,COGS,-642.7
2025-07-22,5200,COGS - Platform Fees,COGS,-708.29
2025-07-23,5100,COGS - Shipping,COGS,-733.0
2025-07-23,5000,COGS - Merchandise,COGS,-6549.93
2025-07-23,5200,COGS - Platform Fees,COGS,-710.78
2025-07-23,4000,Revenue,Revenue,12247.32
2025-07-24,4000,Revenue,Revenue,13451.16
2025-07-24,5000,COGS - Merchandise,COGS,-7410.92
2025-07-24,5100,COGS - Shipping,COGS,-773.7
2025-07-24,5200,COGS - Platform Fees,COGS,-845.38
2025-07-25,5200,COGS - Platform Fees,COGS,-816.77
2025-07-25,5100,COGS - Shipping,COGS,-715.19
2025-07-25,5000,COGS - Merchandise,COGS,-6982.39
2025-07-25,4000,Revenue,Revenue,12438.94
2025-07-26,4000,Revenue,Revenue,11869.54
2025-07-26,5100,COGS - Shipping,COGS,-709.77
2025-07-26,5200,COGS - Platform Fees,COGS,-778.34
2025-07-26,5000,COGS - Merchandise,COGS,-6488.73
2025-07-27,4000,Revenue,Revenue,13943.4
2025-07-27,5000,COGS - Merchandise,COGS,-7435.93
2025-07-27,5100,COGS - Shipping,COGS,-801.95
2025-07-27,5200,COGS - Platform Fees,COGS,-798.11
2025-07-28,4000,Revenue,Revenue,12732.79
2025-07-28,5000,COGS - Merchandise,COGS,-7088.33
2025-07-28,5100,COGS - Shipping,COGS,-748.52
2025-07-28,5200,COGS - Platform Fees,COGS,-726.07
2025-07-29,5200,COGS - Platform Fees,COGS,-753.22
2025-07-29,4000,Revenue,Revenue,12005.79
2025-07-29,5000,COGS - Merchandise,COGS,-6593.31
2025-07-29,5100,COGS - Shipping,COGS,-686.68
2025-07-30,5200,COGS - Platform Fees,COGS,-711.32
2025-07-30,5100,COGS - Shipping,COGS,-686.14
2025-07-30,4000,Revenue,Revenue,11271.01
2025-07-30,5000,COGS - Merchandise,COGS,-6073.91
2025-07-31,4000,Revenue,Revenue,12871.0
2025-07-31,6200,OPEX - Rent,OPEX,-6513.64
2025-07-31,6300,OPEX - Utilities,OPEX,-1171.02
2025-07-31,6350,OPEX - Tools & SaaS,OPEX,-757.63
2025-07-31,6400,OPEX - Logistics Overhead,OPEX,-1564.73
2025-07-31,6100,OPEX - Salaries,OPEX,-37975.18
2025-07-31,6000,OPEX - Advertising,OPEX,-34325.72
2025-07-31,5200,COGS - Platform Fees,COGS,-774.64
2025-07-31,5100,COGS - Shipping,COGS,-728.02
2025-07-31,5000,COGS - Merchandise,COGS,-7091.94
2025-07-31,8000,Taxes - Income/Turnover,Taxes,-29435.57
2025-08-01,5000,COGS - Merchandise,COGS,-6435.16
2025-08-01,4000,Revenue,Revenue,11866.25
2025-08-01,5100,COGS - Shipping,COGS,-685.26
2025-08-01,5200,COGS - Platform Fees,COGS,-719.05
2025-08-02,5100,COGS - Shipping,COGS,-611.63
2025-08-02,5200,COGS - Platform Fees,COGS,-702.87
2025-08-02,5000,COGS - Merchandise,COGS,-5295.45
2025-08-02,4000,Revenue,Revenue,9839.1
2025-08-03,5200,COGS - Platform Fees,COGS,-839.18
2025-08-03,5100,COGS - Shipping,COGS,-724.85
2025-08-03,4000,Revenue,Revenue,12062.98
2025-08-03,5000,COGS - Merchandise,COGS,-6504.63
2025-08-04,5000,COGS - Merchandise,COGS,-7182.41
2025-08-04,5100,COGS - Shipping,COGS,-769.64
2025-08-04,5200,COGS - Platform Fees,COGS,-795.38
2025-08-04,4000,Revenue,Revenue,13066.14
2025-08-05,5100,COGS - Shipping,COGS,-812.79
2025-08-05,5000,COGS - Merchandise,COGS,-7733.49
2025-08-05,4000,Revenue,Revenue,14085.52
2025-08-05,5200,COGS - Platform Fees,COGS,-889.88
2025-08-06,5100,COGS - Shipping,COGS,-584.21
2025-08-06,5200,COGS - Platform Fees,COGS,-647.08
2025-08-06,5000,COGS - Merchandise,COGS,-6158.52
2025-08-06,4000,Revenue,Revenue,11048.05
2025-08-07,4000,Revenue,Revenue,9983.09
2025-08-07,5000,COGS - Merchandise,COGS,-5156.29
2025-08-07,5100,COGS - Shipping,COGS,-639.1
2025-08-07,5200,COGS - Platform Fees,COGS,-605.14
2025-08-08,4000,Revenue,Revenue,12778.65
2025-08-08,5000,COGS - Merchandise,COGS,-6911.3
2025-08-08,5100,COGS - Shipping,COGS,-729.18
2025-08-08,5200,COGS - Platform Fees,COGS,-842.64
2025-08-09,4000,Revenue,Revenue,10860.24
2025-08-09,5000,COGS - Merchandise,COGS,-5652.38
2025-08-09,5200,COGS - Platform Fees,COGS,-681.97
2025-08-09,5100,COGS - Shipping,COGS,-741.44
2025-08-10,4000,Revenue,Revenue,13167.23
2025-08-10,5000,COGS - Merchandise,COGS,-7319.09
2025-08-10,5100,COGS - Shipping,COGS,-732.23
2025-08-10,5200,COGS - Platform Fees,COGS,-817.99
2025-08-11,5100,COGS - Shipping,COGS,-793.32
2025-08-11,4000,Revenue,Revenue,11862.17
2025-08-11,5000,COGS - Merchandise,COGS,-6129.42
2025-08-11,5200,COGS - Platform Fees,COGS,-774.01
2025-08-12,5000,COGS - Merchandise,COGS,-6867.17
2025-08-12,5100,COGS - Shipping,COGS,-712.54
2025-08-12,5200,COGS - Platform Fees,COGS,-782.0
2025-08-12,4000,Revenue,Revenue,12369.32
2025-08-13,4000,Revenue,Revenue,10548.31
2025-08-13,5000,COGS - Merchandise,COGS,-5509.56
2025-08-13,5100,COGS - Shipping,COGS,-667.55
2025-08-13,5200,COGS - Platform Fees,COGS,-670.19
2025-08-14,4000,Revenue,Revenue,10118.36
2025-08-14,5000,COGS - Merchandise,COGS,-5173.45
2025-08-14,5100,COGS - Shipping,COGS,-637.95
2025-08-14,5200,COGS - Platform Fees,COGS,-603.02
2025-08-15,4000,Revenue,Revenue,9769.39
2025-08-15,5000,COGS - Merchandise,COGS,-5319.44
2025-08-15,5100,COGS - Shipping,COGS,-616.44
2025-08-15,5200,COGS - Platform Fees,COGS,-610.17
2025-08-16,5000,COGS - Merchandise,COGS,-5510.19
2025-08-16,5100,COGS - Shipping,COGS,-647.58
2025-08-16,5200,COGS - Platform Fees,COGS,-694.67
2025-08-16,4000,Revenue,Revenue,10366.73
2025-08-17,4000,Revenue,Revenue,10939.44
2025-08-17,5000,COGS - Merchandise,COGS,-5705.35
2025-08-17,5100,COGS - Shipping,COGS,-647.96
2025-08-17,5200,COGS - Platform Fees,COGS,-662.34
2025-08-18,4000,Revenue,Revenue,11218.2
2025-08-18,5000,COGS - Merchandise,COGS,-6362.67
2025-08-18,5100,COGS - Shipping,COGS,-627.52
2025-08-18,5200,COGS - Platform Fees,COGS,-743.85
2025-08-19,5100,COGS - Shipping,COGS,-780.88
2025-08-19,5200,COGS - Platform Fees,COGS,-928.16
2025-08-19,4000,Revenue,Revenue,14465.85
2025-08-19,5000,COGS - Merchandise,COGS,-8216.82
2025-08-20,5200,COGS - Platform Fees,COGS,-895.56
2025-08-20,5100,COGS - Shipping,COGS,-774.73
2025-08-20,4000,Revenue,Revenue,13450.94
2025-08-20,5000,COGS - Merchandise,COGS,-7337.51
2025-08-21,4000,Revenue,Revenue,13191.18
2025-08-21,5000,COGS - Merchandise,COGS,-7059.57
2025-08-21,5100,COGS - Shipping,COGS,-825.69
2025-08-21,5200,COGS - Platform Fees,COGS,-779.93
2025-08-22,4000,Revenue,Revenue,10712.01
2025-08-22,5000,COGS - Merchandise,COGS,-5936.52
2025-08-22,5100,COGS - Shipping,COGS,-601.67
2025-08-22,5200,COGS - Platform Fees,COGS,-604.65
2025-08-23,5200,COGS - Platform Fees,COGS,-910.49
2025-08-23,5000,COGS - Merchandise,COGS,-7593.39
2025-08-23,4000,Revenue,Revenue,13826.3
2025-08-23,5100,COGS - Shipping,COGS,-792.42
2025-08-24,5100,COGS - Shipping,COGS,-882.09
2025-08-24,4000,Revenue,Revenue,15122.98
2025-08-24,5200,COGS - Platform Fees,COGS,-980.86
2025-08-24,5000,COGS - Merchandise,COGS,-8271.86
2025-08-25,5200,COGS - Platform Fees,COGS,-721.56
2025-08-25,5100,COGS - Shipping,COGS,-740.89
2025-08-25,5000,COGS - Merchandise,COGS,-5862.98
2025-08-25,4000,Revenue,Revenue,11242.53
2025-08-26,5000,COGS - Merchandise,COGS,-5861.04
2025-08-26,4000,Revenue,Revenue,11125.12
2025-08-26,5200,COGS - Platform Fees,COGS,-671.2
2025-08-26,5100,COGS - Shipping,COGS,-693.85
2025-08-27,4000,Revenue,Revenue,10869.94
2025-08-27,5000,COGS - Merchandise,COGS,-5878.1
2025-08-27,5100,COGS - Shipping,COGS,-646.18
2025-08-27,5200,COGS - Platform Fees,COGS,-639.53
2025-08-28,5200,COGS - Platform Fees,COGS,-633.52
2025-08-28,5100,COGS - Shipping,COGS,-584.88
2025-08-28,5000,COGS - Merchandise,COGS,-5143.12
2025-08-28,4000,Revenue,Revenue,9475.24
2025-08-29,4000,Revenue,Revenue,9878.98
2025-08-29,5000,COGS - Merchandise,COGS,-5427.34
2025-08-29,5100,COGS - Shipping,COGS,-619.87
2025-08-29,5200,COGS - Platform Fees,COGS,-629.36
2025-08-30,5200,COGS - Platform Fees,COGS,-980.84
2025-08-30,5100,COGS - Shipping,COGS,-848.98
2025-08-30,4000,Revenue,Revenue,15103.53
2025-08-30,5000,COGS - Merchandise,COGS,-8549.5
2025-08-31,5200,COGS - Platform Fees,COGS,-1029.85
2025-08-31,5100,COGS - Shipping,COGS,-848.53
2025-08-31,5000,COGS - Merchandise,COGS,-7871.33
2025-08-31,4000,Revenue,Revenue,14635.61
2025-08-31,6000,OPEX - Advertising,OPEX,-22606.92
2025-08-31,6200,OPEX - Rent,OPEX,-6388.61
2025-08-31,6300,OPEX - Utilities,OPEX,-1203.43
2025-08-31,6350,OPEX - Tools & SaaS,OPEX,-1022.27
2025-08-31,6400,OPEX - Logistics Overhead,OPEX,-1649.58
2025-08-31,8000,Taxes - Income/Turnover,Taxes,-24607.42
2025-08-31,6100,OPEX - Salaries,OPEX,-38545.64
2025-09-01,5100,COGS - Shipping,COGS,-810.71
2025-09-01,5200,COGS - Platform Fees,COGS,-764.73
2025-09-01,4000,Revenue,Revenue,13771.25
2025-09-01,5000,COGS - Merchandise,COGS,-7737.25
2025-09-02,4000,Revenue,Revenue,8681.03
2025-09-02,5000,COGS - Merchandise,COGS,-4740.36
2025-09-02,5200,COGS - Platform Fees,COGS,-646.37
2025-09-02,5100,COGS - Shipping,COGS,-598.56
2025-09-03,5200,COGS - Platform Fees,COGS,-854.31
2025-09-03,5100,COGS - Shipping,COGS,-706.34
2025-09-03,5000,COGS - Merchandise,COGS,-6809.4
2025-09-03,4000,Revenue,Revenue,12246.77
2025-09-04,4000,Revenue,Revenue,11691.49
2025-09-04,5200,COGS - Platform Fees,COGS,-762.01
2025-09-04,5000,COGS - Merchandise,COGS,-6625.94
2025-09-04,5100,COGS - Shipping,COGS,-618.71
2025-09-05,5000,COGS - Merchandise,COGS,-8421.63
2025-09-05,5100,COGS - Shipping,COGS,-848.78
2025-09-05,5200,COGS - Platform Fees,COGS,-967.27
2025-09-05,4000,Revenue,Revenue,15234.99
2025-09-06,4000,Revenue,Revenue,13181.75
2025-09-06,5000,COGS - Merchandise,COGS,-6845.34
2025-09-06,5100,COGS - Shipping,COGS,-850.95
2025-09-06,5200,COGS - Platform Fees,COGS,-872.41
2025-09-07,4000,Revenue,Revenue,14095.07
2025-09-07,5000,COGS - Merchandise,COGS,-8036.61
2025-09-07,5100,COGS - Shipping,COGS,-727.5
2025-09-07,5200,COGS - Platform Fees,COGS,-892.87
2025-09-08,5000,COGS - Merchandise,COGS,-5394.04
2025-09-08,4000,Revenue,Revenue,10322.92
2025-09-08,5200,COGS - Platform Fees,COGS,-583.82
2025-09-08,5100,COGS - Shipping,COGS,-759.09
2025-09-09,4000,Revenue,Revenue,9092.33
2025-09-09,5000,COGS - Merchandise,COGS,-4927.28
2025-09-09,5100,COGS - Shipping,COGS,-612.6
2025-09-09,5200,COGS - Platform Fees,COGS,-564.19
2025-09-10,4000,Revenue,Revenue,12774.09
2025-09-10,5000,COGS - Merchandise,COGS,-7103.43
2025-09-10,5100,COGS - Shipping,COGS,-743.62
2025-09-10,5200,COGS - Platform Fees,COGS,-665.99
2025-09-11,4000,Revenue,Revenue,9030.42
2025-09-11,5000,COGS - Merchandise,COGS,-4761.81
2025-09-11,5100,COGS - Shipping,COGS,-576.58
2025-09-11,5200,COGS - Platform Fees,COGS,-609.17
2025-09-12,5000,COGS - Merchandise,COGS,-5769.81
2025-09-12,4000,Revenue,Revenue,10436.81
2025-09-12,5100,COGS - Shipping,COGS,-673.38
2025-09-12,5200,COGS - Platform Fees,COGS,-619.86
2025-09-13,5200,COGS - Platform Fees,COGS,-828.23
2025-09-13,4000,Revenue,Revenue,13090.5
2025-09-13,5000,COGS - Merchandise,COGS,-7296.41
2025-09-13,5100,COGS - Shipping,COGS,-717.2
2025-09-14,5200,COGS - Platform Fees,COGS,-812.73
2025-09-14,5100,COGS - Shipping,COGS,-784.37
2025-09-14,5000,COGS - Merchandise,COGS,-7063.12
2025-09-14,4000,Revenue,Revenue,13011.73
2025-09-15,5100,COGS - Shipping,COGS,-760.36
2025-09-15,5000,COGS - Merchandise,COGS,-7615.14
2025-09-15,4000,Revenue,Revenue,13594.71
2025-09-15,5200,COGS - Platform Fees,COGS,-1024.35
2025-09-16,4000,Revenue,Revenue,9582.62
2025-09-16,5000,COGS - Merchandise,COGS,-5189.75
2025-09-16,5100,COGS - Shipping,COGS,-549.6
2025-09-16,5200,COGS - Platform Fees,COGS,-638.85
2025-09-17,5200,COGS - Platform Fees,COGS,-803.75
2025-09-17,5000,COGS - Merchandise,COGS,-7051.33
2025-09-17,4000,Revenue,Revenue,13054.52
2025-09-17,5100,COGS - Shipping,COGS,-799.75
2025-09-18,4000,Revenue,Revenue,12439.24
2025-09-18,5000,COGS - Merchandise,COGS,-6478.7
2025-09-18,5100,COGS - Shipping,COGS,-839.05
2025-09-18,5200,COGS - Platform Fees,COGS,-840.02
2025-09-19,5200,COGS - Platform Fees,COGS,-685.92
2025-09-19,4000,Revenue,Revenue,11885.81
2025-09-19,5000,COGS - Merchandise,COGS,-6425.22
2025-09-19,5100,COGS - Shipping,COGS,-694.45
2025-09-20,4000,Revenue,Revenue,13635.1
2025-09-20,5000,COGS - Merchandise,COGS,-7476.39
2025-09-20,5100,COGS - Shipping,COGS,-785.87
2025-09-20,5200,COGS - Platform Fees,COGS,-782.22
2025-09-21,5000,COGS - Merchandise,COGS,-6206.64
2025-09-21,5100,COGS - Shipping,COGS,-644.24
2025-09-21,5200,COGS - Platform Fees,COGS,-767.23
2025-09-21,4000,Revenue,Revenue,11416.58
2025-09-22,5100,COGS - Shipping,COGS,-702.8
2025-09-22,4000,Revenue,Revenue,14091.2
2025-09-22,5000,COGS - Merchandise,COGS,-8157.85
2025-09-22,5200,COGS - Platform Fees,COGS,-930.1
2025-09-23,5000,COGS - Merchandise,COGS,-4945.25
2025-09-23,5100,COGS - Shipping,COGS,-612.29
2025-09-23,5200,COGS - Platform Fees,COGS,-534.98
2025-09-23,4000,Revenue,Revenue,9193.26
2025-09-24,4000,Revenue,Revenue,12614.24
2025-09-24,5000,COGS - Merchandise,COGS,-6853.24
2025-09-24,5100,COGS - Shipping,COGS,-727.74
2025-09-24,5200,COGS - Platform Fees,COGS,-764.33
2025-09-25,4000,Revenue,Revenue,13663.61
2025-09-25,5000,COGS - Merchandise,COGS,-7688.36
2025-09-25,5100,COGS - Shipping,COGS,-758.48
2025-09-25,5200,COGS - Platform Fees,COGS,-828.65
2025-09-26,5200,COGS - Platform Fees,COGS,-929.31
2025-09-26,4000,Revenue,Revenue,16423.08
2025-09-26,5100,COGS - Shipping,COGS,-826.77
2025-09-26,5000,COGS - Merchandise,COGS,-9507.63
2025-09-27,4000,Revenue,Revenue,12257.7
2025-09-27,5000,COGS - Merchandise,COGS,-6457.28
2025-09-27,5100,COGS - Shipping,COGS,-750.24
2025-09-27,5200,COGS - Platform Fees,COGS,-702.6
2025-09-28,4000,Revenue,Revenue,7377.4
2025-09-28,5000,COGS - Merchandise,COGS,-3659.24
2025-09-28,5100,COGS - Shipping,COGS,-551.78
2025-09-28,5200,COGS - Platform Fees,COGS,-430.79
2025-09-29,4000,Revenue,Revenue,12958.8
2025-09-29,5000,COGS - Merchandise,COGS,-7215.43
2025-09-29,5100,COGS - Shipping,COGS,-776.91
2025-09-29,5200,COGS - Platform Fees,COGS,-752.4
2025-09-30,5100,COGS - Shipping,COGS,-569.7
2025-09-30,6350,OPEX - Tools & SaaS,OPEX,-836.93
2025-09-30,6300,OPEX - Utilities,OPEX,-1030.79
2025-09-30,6200,OPEX - Rent,OPEX,-6337.28
2025-09-30,6100,OPEX - Salaries,OPEX,-39022.2
2025-09-30,6000,OPEX - Advertising,OPEX,-27588.86
2025-09-30,5200,COGS - Platform Fees,COGS,-653.47
2025-09-30,4000,Revenue,Revenue,10189.27
2025-09-30,5000,COGS - Merchandise,COGS,-5665.85
2025-09-30,6400,OPEX - Logistics Overhead,OPEX,-1596.73
2025-09-30,8000,Taxes - Income/Turnover,Taxes,-22209.73
